ward_id,Name,source_file,source_district,source_population
1,GHMC (M Corp.) WARD NO.-0001,DDW_PCA2806_2011_MDDS with UI.xlsx,537,44149
2,GHMC (M Corp.) WARD NO.-0002,DDW_PCA2806_2011_MDDS with UI.xlsx,537,45264
2,GHMC (M Corp.) WARD NO.-0002,DDW_PCA2806_2011_MDDS with UI.xlsx,537,13900
3,GHMC (M Corp.) (Part) WARD NO.-0003,DDW_PCA2806_2011_MDDS with UI.xlsx,537,57747
4,GHMC (M Corp.) (Part) WARD NO.-0004,DDW_PCA2806_2011_MDDS with UI.xlsx,537,67130
5,GHMC (M Corp.) (Part) WARD NO.-0005,DDW_PCA2806_2011_MDDS with UI.xlsx,537,57688
6,GHMC (M Corp.) (Part) WARD NO.-0006,DDW_PCA2806_2011_MDDS with UI.xlsx,537,52167
7,GHMC (M Corp.) (Part) WARD NO.-0007,DDW_PCA2806_2011_MDDS with UI.xlsx,537,59061
8,GHMC (M Corp.) (Part) WARD NO.-0008,DDW_PCA2806_2011_MDDS with UI.xlsx,537,75227
9,GHMC (M Corp.) (Part) WARD NO.-0009,DDW_PCA2806_2011_MDDS with UI.xlsx,537,10744
9,GHMC (M Corp.) WARD NO.-0009,DDW_PCA2806_2011_MDDS with UI.xlsx,537,57417
10,GHMC (M Corp.) WARD NO.-0010,DDW_PCA2806_2011_MDDS with UI.xlsx,537,68115
11,GHMC (M Corp.) WARD NO.-0011,DDW_PCA2806_2011_MDDS with UI.xlsx,537,50462
12,GHMC (M Corp.) WARD NO.-0012,DDW_PCA2806_2011_MDDS with UI.xlsx,537,81484
13,GHMC (M Corp.) WARD NO.-0013,DDW_PCA2806_2011_MDDS with UI.xlsx,537,57789
14,GHMC (M Corp.) WARD NO.-0014,DDW_PCA2806_2011_MDDS with UI.xlsx,537,51227
15,GHMC (M Corp.) WARD NO.-0015,DDW_PCA2806_2011_MDDS with UI.xlsx,537,55245
16,GHMC (M Corp.) WARD NO.-0016,DDW_PCA2806_2011_MDDS with UI.xlsx,537,37079
17,GHMC (M Corp.) (Part) WARD NO.-0017,DDW_PCA2806_2011_MDDS with UI.xlsx,537,5071
17,GHMC (M Corp.) WARD NO.-0017,DDW_PCA2806_2011_MDDS with UI.xlsx,537,28793
18,GHMC (M Corp.) (Part) WARD NO.-0018,DDW_PCA2805_2011_MDDS with UI(1).xlsx,536,25242
19,GHMC (M Corp.) (Part) WARD NO.-0019,DDW_PCA2805_2011_MDDS with UI(1).xlsx,536,45226
20,GHMC (M Corp.) (Part) WARD NO.-0020,DDW_PCA2805_2011_MDDS with UI(1).xlsx,536,45484
21,GHMC (M Corp.) (Part) WARD NO.-0021,DDW_PCA2805_2011_MDDS with UI(1).xlsx,536,56751
22,GHMC (M Corp.) (Part) WARD NO.-0022,DDW_PCA2805_2011_MDDS with UI(1).xlsx,536,47220
23,GHMC (M Corp.) (Part) WARD NO.-0023,DDW_PCA2805_2011_MDDS with UI(1).xlsx,536,35196
24,GHMC (M Corp.) (Part) WARD NO.-0024,DDW_PCA2805_2011_MDDS with UI(1).xlsx,536,60763
25,GHMC (M Corp.) (Part) WARD NO.-0025,DDW_PCA2805_2011_MDDS with UI(1).xlsx,536,22589
26,GHMC (M Corp.) (Part) WARD NO.-0026,DDW_PCA2805_2011_MDDS with UI(1).xlsx,536,43599
27,GHMC (M Corp.) (Part) WARD NO.-0027,DDW_PCA2805_2011_MDDS with UI(1).xlsx,536,42758
28,GHMC (M Corp.) (Part) WARD NO.-0028,DDW_PCA2805_2011_MDDS with UI(1).xlsx,536,46256
29,GHMC (M Corp.) (Part) WARD NO.-0029,DDW_PCA2805_2011_MDDS with UI(1).xlsx,536,54010
30,GHMC (M Corp.) (Part) WARD NO.-0030,DDW_PCA2805_2011_MDDS with UI(1).xlsx,536,22888
31,GHMC (M Corp.) (Part) WARD NO.-0031,DDW_PCA2805_2011_MDDS with UI(1).xlsx,536,25280
32,GHMC (M Corp.) (Part) WARD NO.-0032,DDW_PCA2805_2011_MDDS with UI(1).xlsx,536,39521
33,GHMC (M Corp.) (Part) WARD NO.-0033,DDW_PCA2805_2011_MDDS with UI(1).xlsx,536,23269
34,GHMC (M Corp.) (Part) WARD NO.-0034,DDW_PCA2805_2011_MDDS with UI(1).xlsx,536,47127
35,GHMC (M Corp.) (Part) WARD NO.-0035,DDW_PCA2805_2011_MDDS with UI(1).xlsx,536,40214
36,GHMC (M Corp.) (Part) WARD NO.-0036,DDW_PCA2805_2011_MDDS with UI(1).xlsx,536,32375
37,GHMC (M Corp.) (Part) WARD NO.-0037,DDW_PCA2805_2011_MDDS with UI(1).xlsx,536,30725
38,GHMC (M Corp.) (Part) WARD NO.-0038,DDW_PCA2805_2011_MDDS with UI(1).xlsx,536,25782
39,GHMC (M Corp.) (Part) WARD NO.-0039,DDW_PCA2805_2011_MDDS with UI(1).xlsx,536,68878
40,GHMC (M Corp.) (Part) WARD NO.-0040,DDW_PCA2805_2011_MDDS with UI(1).xlsx,536,31269
41,GHMC (M Corp.) (Part) WARD NO.-0041,DDW_PCA2805_2011_MDDS with UI(1).xlsx,536,31812
42,GHMC (M Corp.) (Part) WARD NO.-0042,DDW_PCA2805_2011_MDDS with UI(1).xlsx,536,28678
43,GHMC (M Corp.) (Part) WARD NO.-0043,DDW_PCA2805_2011_MDDS with UI(1).xlsx,536,57542
44,GHMC (M Corp.) (Part) WARD NO.-0044,DDW_PCA2805_2011_MDDS with UI(1).xlsx,536,41854
45,GHMC (M Corp.) (Part) WARD NO.-0045,DDW_PCA2805_2011_MDDS with UI(1).xlsx,536,38433
46,GHMC (M Corp.) (Part) WARD NO.-0046,DDW_PCA2805_2011_MDDS with UI(1).xlsx,536,21082
47,GHMC (M Corp.) (Part) WARD NO.-0047,DDW_PCA2805_2011_MDDS with UI(1).xlsx,536,28268
48,GHMC (M Corp.) (Part) WARD NO.-0048,DDW_PCA2805_2011_MDDS with UI(1).xlsx,536,37323
49,GHMC (M Corp.) (Part) WARD NO.-0049,DDW_PCA2805_2011_MDDS with UI(1).xlsx,536,17601
50,GHMC (M Corp.) (Part) WARD NO.-0050,DDW_PCA2805_2011_MDDS with UI(1).xlsx,536,30615
51,GHMC (M Corp.) (Part) WARD NO.-0051,DDW_PCA2805_2011_MDDS with UI(1).xlsx,536,35729
52,GHMC (M Corp.) (Part) WARD NO.-0052,DDW_PCA2805_2011_MDDS with UI(1).xlsx,536,28660
53,GHMC (M Corp.) (Part) WARD NO.-0053,DDW_PCA2805_2011_MDDS with UI(1).xlsx,536,31292
54,GHMC (M Corp.) (Part) WARD NO.-0054,DDW_PCA2805_2011_MDDS with UI(1).xlsx,536,40105
55,GHMC (M Corp.) (Part) WARD NO.-0055,DDW_PCA2805_2011_MDDS with UI(1).xlsx,536,38482
56,GHMC (M Corp.) (Part) WARD NO.-0056,DDW_PCA2805_2011_MDDS with UI(1).xlsx,536,56773
57,GHMC (M Corp.) WARD NO.-0057,DDW_PCA2806_2011_MDDS with UI.xlsx,537,53631
58,GHMC (M Corp.) WARD NO.-0058,DDW_PCA2806_2011_MDDS with UI.xlsx,537,52306
59,GHMC (M Corp.) WARD NO.-0059,DDW_PCA2806_2011_MDDS with UI.xlsx,537,57040
60,GHMC (M Corp.) WARD NO.-0060,DDW_PCA2806_2011_MDDS with UI.xlsx,537,66846
61,GHMC (M Corp.) (Part) WARD NO.-0061,DDW_PCA2805_2011_MDDS with UI(1).xlsx,536,43718
62,GHMC (M Corp.) (Part) WARD NO.-0062,DDW_PCA2805_2011_MDDS with UI(1).xlsx,536,33674
63,GHMC (M Corp.) (Part) WARD NO.-0063,DDW_PCA2805_2011_MDDS with UI(1).xlsx,536,37129
64,GHMC (M Corp.) (Part) WARD NO.-0064,DDW_PCA2805_2011_MDDS with UI(1).xlsx,536,42684
65,GHMC (M Corp.) (Part) WARD NO.-0065,DDW_PCA2805_2011_MDDS with UI(1).xlsx,536,42365
66,GHMC (M Corp.) (Part) WARD NO.-0066,DDW_PCA2805_2011_MDDS with UI(1).xlsx,536,41452
67,GHMC (M Corp.) (Part) WARD NO.-0067,DDW_PCA2805_2011_MDDS with UI(1).xlsx,536,40688
68,GHMC (M Corp.) (Part) WARD NO.-0068,DDW_PCA2805_2011_MDDS with UI(1).xlsx,536,60074
69,GHMC (M Corp.) (Part) WARD NO.-0069,DDW_PCA2805_2011_MDDS with UI(1).xlsx,536,39933
70,GHMC (M Corp.) (Part) WARD NO.-0070,DDW_PCA2805_2011_MDDS with UI(1).xlsx,536,63787
71,GHMC (M Corp.) (Part) WARD NO.-0071,DDW_PCA2805_2011_MDDS with UI(1).xlsx,536,49565
72,GHMC (M Corp.) (Part) WARD NO.-0072,DDW_PCA2805_2011_MDDS with UI(1).xlsx,536,40889
73,GHMC (M Corp.) (Part) WARD NO.-0073,DDW_PCA2805_2011_MDDS with UI(1).xlsx,536,31635
74,GHMC (M Corp.) (Part) WARD NO.-0074,DDW_PCA2805_2011_MDDS with UI(1).xlsx,536,25847
75,GHMC (M Corp.) (Part) WARD NO.-0075,DDW_PCA2805_2011_MDDS with UI(1).xlsx,536,34868
76,GHMC (M Corp.) (Part) WARD NO.-0076,DDW_PCA2805_2011_MDDS with UI(1).xlsx,536,27280
77,GHMC (M Corp.) (Part) WARD NO.-0077,DDW_PCA2805_2011_MDDS with UI(1).xlsx,536,40798
78,GHMC (M Corp.) (Part) WARD NO.-0078,DDW_PCA2805_2011_MDDS with UI(1).xlsx,536,22309
79,GHMC (M Corp.) (Part) WARD NO.-0079,DDW_PCA2805_2011_MDDS with UI(1).xlsx,536,31267
80,GHMC (M Corp.) (Part) WARD NO.-0080,DDW_PCA2805_2011_MDDS with UI(1).xlsx,536,40354
81,GHMC (M Corp.) (Part) WARD NO.-0081,DDW_PCA2805_2011_MDDS with UI(1).xlsx,536,30388
82,GHMC (M Corp.) (Part) WARD NO.-0082,DDW_PCA2805_2011_MDDS with UI(1).xlsx,536,37320
83,GHMC (M Corp.) (Part) WARD NO.-0083,DDW_PCA2805_2011_MDDS with UI(1).xlsx,536,26762
84,GHMC (M Corp.) (Part) WARD NO.-0084,DDW_PCA2805_2011_MDDS with UI(1).xlsx,536,41720
85,GHMC (M Corp.) (Part) WARD NO.-0085,DDW_PCA2805_2011_MDDS with UI(1).xlsx,536,24826
86,GHMC (M Corp.) (Part) WARD NO.-0086,DDW_PCA2805_2011_MDDS with UI(1).xlsx,536,27719
87,GHMC (M Corp.) (Part) WARD NO.-0087,DDW_PCA2805_2011_MDDS with UI(1).xlsx,536,32531
88,GHMC (M Corp.) (Part) WARD NO.-0088,DDW_PCA2805_2011_MDDS with UI(1).xlsx,536,36526
89,GHMC (M Corp.) (Part) WARD NO.-0089,DDW_PCA2805_2011_MDDS with UI(1).xlsx,536,34664
90,GHMC (M Corp.) (Part) WARD NO.-0090,DDW_PCA2805_2011_MDDS with UI(1).xlsx,536,34899
91,GHMC (M Corp.) (Part) WARD NO.-0091,DDW_PCA2805_2011_MDDS with UI(1).xlsx,536,28426
92,GHMC (M Corp.) (Part) WARD NO.-0092,DDW_PCA2805_2011_MDDS with UI(1).xlsx,536,31697
93,GHMC (M Corp.) (Part) WARD NO.-0093,DDW_PCA2805_2011_MDDS with UI(1).xlsx,536,26593
94,GHMC (M Corp.) (Part) WARD NO.-0094,DDW_PCA2805_2011_MDDS with UI(1).xlsx,536,28887
95,GHMC (M Corp.) (Part) WARD NO.-0095,DDW_PCA2805_2011_MDDS with UI(1).xlsx,536,32690
96,GHMC (M Corp.) (Part) WARD NO.-0096,DDW_PCA2805_2011_MDDS with UI(1).xlsx,536,28768
97,GHMC (M Corp.) (Part) WARD NO.-0097,DDW_PCA2805_2011_MDDS with UI(1).xlsx,536,35780
98,GHMC (M Corp.) (Part) WARD NO.-0098,DDW_PCA2805_2011_MDDS with UI(1).xlsx,536,26569
99,GHMC (M Corp.) (Part) WARD NO.-0099,DDW_PCA2805_2011_MDDS with UI(1).xlsx,536,20958
100,GHMC (M Corp.) (Part) WARD NO.-0100,DDW_PCA2805_2011_MDDS with UI(1).xlsx,536,38112
101,GHMC (M Corp.) (Part) WARD NO.-0101,DDW_PCA2806_2011_MDDS with UI.xlsx,537,28195
102,GHMC (M Corp.) (Part) WARD NO.-0102,DDW_PCA2805_2011_MDDS with UI(1).xlsx,536,42054
103,GHMC (M Corp.) (Part) WARD NO.-0103,DDW_PCA2805_2011_MDDS with UI(1).xlsx,536,54039
104,GHMC (M Corp.) (Part) WARD NO.-0104,DDW_PCA2805_2011_MDDS with UI(1).xlsx,536,30701
105,GHMC (M Corp.) (Part) WARD NO.-0105,DDW_PCA2805_2011_MDDS with UI(1).xlsx,536,69177
106,GHMC (M Corp.) (Part) WARD NO.-0106,DDW_PCA2805_2011_MDDS with UI(1).xlsx,536,43270
107,GHMC (M Corp.) (Part) WARD NO.-0107,DDW_PCA2805_2011_MDDS with UI(1).xlsx,536,60103
108,GHMC (M Corp.) (Part) WARD NO.-0108,DDW_PCA2805_2011_MDDS with UI(1).xlsx,536,40905
109,GHMC (M Corp.) (Part) WARD NO.-0109,DDW_PCA2805_2011_MDDS with UI(1).xlsx,536,51014
110,GHMC (M Corp.) (Part) WARD NO.-0110,DDW_PCA2805_2011_MDDS with UI(1).xlsx,536,39937
111,GHMC (M Corp.) (Part) WARD NO.-0111,DDW_PCA2806_2011_MDDS with UI.xlsx,537,54122
112,GHMC (M Corp.) (Part) WARD NO.-0112,DDW_PCA2806_2011_MDDS with UI.xlsx,537,93141
113,GHMC (M Corp.) (Part) WARD NO.-0113,DDW_PCA2806_2011_MDDS with UI.xlsx,537,78284
114,GHMC (M Corp.) (Part) WARD NO.-0114,DDW_PCA2806_2011_MDDS with UI.xlsx,537,83773
115,GHMC (M Corp.) WARD NO.-0115,DDW_PCA2804_2011_MDDS with UI.xlsx,535,70187
116,GHMC (M Corp.) (Part) WARD NO.-0116,DDW_PCA2804_2011_MDDS with UI.xlsx,535,46255
117,GHMC (M Corp.) (Part) WARD NO.-0117,DDW_PCA2806_2011_MDDS with UI.xlsx,537,69083
118,GHMC (M Corp.) (Part) WARD NO.-0118,DDW_PCA2806_2011_MDDS with UI.xlsx,537,52236
119,GHMC (M Corp.) (Part) WARD NO.-0119,DDW_PCA2806_2011_MDDS with UI.xlsx,537,83665
120,GHMC (M Corp.) (Part) WARD NO.-0120,DDW_PCA2806_2011_MDDS with UI.xlsx,537,41373
121,GHMC (M Corp.) (Part) WARD NO.-0121,DDW_PCA2806_2011_MDDS with UI.xlsx,537,71076
122,GHMC (M Corp.) (Part) WARD NO.-0122,DDW_PCA2806_2011_MDDS with UI.xlsx,537,45374
123,GHMC (M Corp.) (Part) WARD NO.-0123,DDW_PCA2806_2011_MDDS with UI.xlsx,537,67730
124,GHMC (M Corp.) (Part) WARD NO.-0124,DDW_PCA2806_2011_MDDS with UI.xlsx,537,87393
125,GHMC (M Corp.) WARD NO.-0125,DDW_PCA2806_2011_MDDS with UI.xlsx,537,58278
126,GHMC (M Corp.) WARD NO.-0126,DDW_PCA2806_2011_MDDS with UI.xlsx,537,56774
127,GHMC (M Corp.) WARD NO.-0127,DDW_PCA2806_2011_MDDS with UI.xlsx,537,48437
128,GHMC (M Corp.) WARD NO.-0128,DDW_PCA2806_2011_MDDS with UI.xlsx,537,55187
129,GHMC (M Corp.) WARD NO.-0129,DDW_PCA2806_2011_MDDS with UI.xlsx,537,52956
130,GHMC (M Corp.) WARD NO.-0130,DDW_PCA2806_2011_MDDS with UI.xlsx,537,67032
131,GHMC (M Corp.) WARD NO.-0131,DDW_PCA2806_2011_MDDS with UI.xlsx,537,44990
132,GHMC (M Corp.) WARD NO.-0132,DDW_PCA2806_2011_MDDS with UI.xlsx,537,62237
133,GHMC (M Corp.) WARD NO.-0133,DDW_PCA2806_2011_MDDS with UI.xlsx,537,57310
134,GHMC (M Corp.) WARD NO.-0134,DDW_PCA2806_2011_MDDS with UI.xlsx,537,26296
134,GHMC (M Corp.) WARD NO.-0134,DDW_PCA2806_2011_MDDS with UI.xlsx,537,16574
135,GHMC (M Corp.) WARD NO.-0135,DDW_PCA2806_2011_MDDS with UI.xlsx,537,51033
136,GHMC (M Corp.) WARD NO.-0136,DDW_PCA2806_2011_MDDS with UI.xlsx,537,61858
137,GHMC (M Corp.) WARD NO.-0137,DDW_PCA2806_2011_MDDS with UI.xlsx,537,54205
138,GHMC (M Corp.) WARD NO.-0138,DDW_PCA2806_2011_MDDS with UI.xlsx,537,48990
139,GHMC (M Corp.) WARD NO.-0139,DDW_PCA2806_2011_MDDS with UI.xlsx,537,51642
140,GHMC (M Corp.) (Part) WARD NO.-0140,DDW_PCA2805_2011_MDDS with UI(1).xlsx,536,52831
141,GHMC (M Corp.) (Part) WARD NO.-0141,DDW_PCA2805_2011_MDDS with UI(1).xlsx,536,33742
142,GHMC (M Corp.) (Part) WARD NO.-0142,DDW_PCA2805_2011_MDDS with UI(1).xlsx,536,24089
143,GHMC (M Corp.) (Part) WARD NO.-0143,DDW_PCA2805_2011_MDDS with UI(1).xlsx,536,52527
144,GHMC (M Corp.) (Part) WARD NO.-0144,DDW_PCA2805_2011_MDDS with UI(1).xlsx,536,34190
145,GHMC (M Corp.) (Part) WARD NO.-0145,DDW_PCA2805_2011_MDDS with UI(1).xlsx,536,34659
146,GHMC (M Corp.) (Part) WARD NO.-0146,DDW_PCA2805_2011_MDDS with UI(1).xlsx,536,29920
147,GHMC (M Corp.) (Part) WARD NO.-0147,DDW_PCA2805_2011_MDDS with UI(1).xlsx,536,41336
148,GHMC (M Corp.) (Part) WARD NO.-0148,DDW_PCA2805_2011_MDDS with UI(1).xlsx,536,29455
148,GHMC (M Corp.) (Part) WARD NO.-0148,DDW_PCA2806_2011_MDDS with UI.xlsx,537,21871
149,GHMC (M Corp.) (Part) WARD NO.-0149,DDW_PCA2805_2011_MDDS with UI(1).xlsx,536,31948
150,GHMC (M Corp.) (Part) WARD NO.-0150,DDW_PCA2805_2011_MDDS with UI(1).xlsx,536,29932
