ward_id,amenity_2bhk,amenity_anganwadi_centers,amenity_annapurna_meals,amenity_community_halls,amenity_dumper_bins,amenity_fire_stations,amenity_heritage_buildings,amenity_hospitals,amenity_market_complexes,amenity_nalas,amenity_night_shelters,amenity_open_spaces,amenity_parks,amenity_play_grounds,amenity_toilets,amenity_transfer_stations,amenity_water_body
1,1,0,0,9,13,0,0,5,1,194,0,75,24,5,2,0,684
2,1,0,3,4,11,0,0,8,0,107,0,23,13,14,8,1,213
3,1,0,0,9,8,0,0,4,1,136,0,9,2,2,4,0,792
4,0,0,0,2,5,0,0,0,0,0,0,6,1,0,2,0,28
5,2,0,1,16,12,1,0,0,0,15,0,33,2,0,1,1,944
6,0,0,1,7,15,0,0,11,2,150,0,5,6,2,1,0,1121
7,0,0,2,19,5,0,0,0,1,207,0,12,9,2,4,0,251
8,0,1,1,12,6,0,0,4,2,0,0,1,4,1,8,0,91
9,0,0,1,18,3,0,0,0,0,107,0,7,2,0,1,0,1872
10,0,0,0,23,6,0,0,8,1,133,1,3,2,1,14,2,2567
11,0,0,0,0,0,0,0,0,0,8,0,0,0,0,0,0,1705
12,0,0,0,12,3,0,0,4,0,155,0,8,4,0,3,0,178
13,2,0,0,7,4,0,0,1,0,0,0,3,6,0,4,0,0
14,0,0,1,16,4,0,0,4,0,75,0,15,12,4,5,0,119
15,0,0,1,15,1,0,0,6,0,0,0,2,5,1,8,0,0
16,1,0,1,13,0,0,0,1,0,9,0,21,2,0,1,0,102
17,0,0,1,21,11,0,0,6,0,75,0,4,8,1,5,0,69
18,0,0,2,8,13,0,0,3,0,212,0,0,1,1,5,0,29
19,0,0,0,13,0,0,1,4,0,0,1,3,1,1,7,0,183
20,0,0,0,0,19,0,0,5,0,0,0,1,0,0,0,0,0
21,0,0,0,9,6,0,0,2,0,0,0,3,3,1,0,0,768
22,1,0,1,6,11,0,0,4,0,63,0,2,6,0,10,0,2345
23,0,0,0,4,2,0,0,3,0,0,0,0,1,0,0,0,2
24,0,6,2,19,37,0,2,8,0,0,0,7,18,5,1,0,37
25,0,7,0,12,37,0,0,7,0,121,0,6,10,4,3,0,475
26,0,16,3,11,31,0,1,3,1,33,0,2,4,2,1,0,714
27,0,1,0,5,36,1,0,15,0,27,0,3,8,10,1,0,0
28,1,10,0,10,64,0,0,6,1,66,0,0,5,4,0,0,360
29,1,5,0,2,24,0,0,6,0,0,0,0,1,0,0,0,4
30,1,4,2,5,3,0,0,6,0,121,0,3,3,3,3,1,297
31,0,11,1,0,21,0,0,2,0,117,0,1,0,5,0,0,229
32,0,7,1,3,29,2,11,14,0,48,0,2,1,2,6,0,48
33,0,0,2,4,26,0,0,9,0,0,0,2,0,5,0,0,0
34,0,9,0,1,9,0,0,7,0,69,0,0,0,0,0,0,251
35,0,13,0,13,19,0,0,3,0,30,0,1,0,3,1,0,103
36,0,10,0,5,14,0,1,2,0,74,0,1,0,2,0,0,257
37,0,8,0,9,11,0,0,4,0,6,0,1,0,3,0,0,20
38,0,10,1,9,15,0,0,6,0,0,0,7,26,2,3,0,254
39,0,7,0,1,24,0,0,5,0,0,0,4,3,4,1,0,0
40,0,12,1,6,6,0,0,8,0,0,0,0,0,3,0,0,0
41,0,5,1,1,5,0,0,5,0,29,0,0,0,0,1,0,296
42,0,9,0,1,9,0,0,0,1,1,0,0,0,1,0,0,179
43,0,1,1,1,10,0,0,12,1,29,0,0,0,1,4,0,239
44,0,12,0,5,26,0,0,1,0,131,0,2,0,2,1,0,375
45,1,15,0,7,22,0,0,5,0,69,0,3,0,4,0,0,128
46,0,11,0,2,8,0,1,2,0,53,0,0,0,0,2,0,212
47,0,8,0,2,23,0,0,2,0,21,0,2,0,2,0,0,44
48,0,9,0,3,41,0,1,13,1,0,0,1,1,3,2,0,38
49,0,9,2,6,13,1,9,13,1,67,1,2,1,3,11,0,71
50,0,9,3,13,37,0,3,9,1,64,0,0,0,0,11,0,61
51,2,9,2,11,28,0,2,2,1,58,0,0,0,3,1,0,45
52,0,7,0,8,36,0,2,8,0,0,0,2,0,2,1,0,63
53,0,4,1,2,28,1,0,9,0,127,0,3,0,1,3,0,12
54,0,14,0,1,20,0,0,18,0,85,0,2,0,3,1,0,0
55,0,9,1,2,30,0,0,3,0,93,0,1,1,2,3,0,471
56,0,9,0,2,19,0,0,4,0,243,0,2,1,1,0,0,167
57,0,0,1,0,10,0,1,1,0,23,0,0,0,0,1,0,29
58,0,0,1,1,13,0,0,0,0,133,0,10,1,0,1,0,430
59,0,0,1,12,18,0,0,3,0,398,0,16,1,1,1,0,842
60,0,0,0,10,19,0,0,3,0,517,1,69,17,2,7,1,1461
61,0,0,1,9,24,1,1,4,0,32,0,19,25,2,6,0,247
62,1,28,0,7,23,0,0,7,0,19,0,1,0,1,3,1,112
63,0,19,0,2,28,0,3,3,0,80,0,1,2,1,0,0,0
64,0,17,1,6,14,0,1,1,0,13,1,1,0,2,0,0,0
65,0,13,0,6,28,0,0,3,0,132,0,0,2,1,2,0,62
66,0,14,2,9,14,1,0,7,0,27,0,3,0,1,5,0,535
67,0,14,0,5,20,0,0,3,0,0,0,2,1,1,2,0,45
68,0,4,0,3,15,0,0,4,0,150,0,4,1,1,1,0,670
69,0,3,1,3,18,0,1,4,0,133,0,7,6,1,4,0,423
70,0,1,0,9,16,0,0,15,0,2,0,7,7,3,0,0,0
71,1,8,1,6,20,0,2,5,0,36,0,6,9,4,1,0,24
72,0,14,0,11,17,0,1,10,0,37,0,2,10,1,1,0,0
73,0,5,2,10,43,0,0,13,0,21,0,0,9,2,3,0,108
74,0,9,1,4,31,0,0,5,0,62,0,1,3,4,6,0,117
75,0,2,4,6,45,1,6,10,0,57,0,6,2,5,10,0,68
76,0,4,0,7,26,0,0,7,0,177,0,1,0,11,5,0,0
77,1,17,3,15,33,1,7,13,5,156,0,1,2,5,5,0,0
78,0,4,3,17,91,0,13,13,5,54,0,1,4,2,12,0,15
79,0,11,1,16,13,0,1,21,1,81,0,0,2,0,7,0,75
80,0,11,1,9,33,0,0,17,0,0,0,2,3,1,5,0,0
81,0,6,1,12,25,0,0,15,0,125,0,3,3,3,4,0,780
82,1,13,1,20,41,0,0,6,0,83,1,2,2,1,1,0,979
83,0,16,1,7,26,0,0,9,0,108,0,0,0,3,4,1,81
84,0,4,1,14,19,0,1,7,0,48,0,1,6,4,0,0,0
85,1,7,1,6,18,0,0,5,0,77,0,2,0,1,0,0,248
86,0,13,0,9,23,0,0,3,0,120,0,3,2,2,0,0,128
87,1,2,1,15,30,1,0,11,0,14,0,4,2,2,2,0,367
88,1,14,1,13,20,0,0,7,0,130,0,1,4,1,0,0,67
89,1,7,1,4,30,0,0,14,2,104,0,1,4,3,0,0,208
90,1,6,1,22,33,0,0,5,0,131,0,3,5,6,6,1,390
91,2,12,3,11,72,1,4,29,2,94,0,16,9,3,23,0,1890
92,0,9,1,17,60,0,1,14,0,239,0,17,12,0,21,0,276
93,0,8,0,3,49,0,0,10,0,368,0,5,1,0,3,0,735
94,0,10,0,7,42,0,0,6,0,198,0,1,10,3,6,0,268
95,1,13,1,3,61,1,2,12,0,21,0,72,49,3,7,0,155
96,0,12,1,5,10,0,0,5,0,92,0,2,7,1,2,0,25
97,0,5,0,7,74,0,1,13,1,186,0,8,9,2,3,0,237
98,0,10,1,5,42,0,0,20,0,136,1,3,14,1,1,0,209
99,0,8,2,4,43,0,0,14,0,157,1,5,13,1,5,1,347
100,0,5,2,4,35,1,0,11,0,0,0,9,47,4,10,0,112
101,1,10,1,7,35,0,0,9,0,0,0,5,6,1,2,0,0
102,0,23,1,14,12,0,0,5,0,47,0,0,0,0,2,0,149
103,1,14,1,13,18,0,0,3,0,0,0,5,0,0,0,0,0
104,0,0,3,6,9,1,0,1,0,224,0,19,11,1,12,0,553
105,1,0,0,27,2,1,0,3,0,92,0,32,11,0,8,1,2938
106,0,0,1,13,4,0,0,0,2,194,1,30,7,2,5,0,683
107,1,0,0,5,9,0,0,0,0,84,0,9,20,6,7,0,636
108,0,0,1,11,6,0,0,3,0,46,0,39,14,3,6,0,192
109,0,0,0,12,4,0,0,4,0,81,0,34,14,0,11,0,259
110,0,0,1,14,1,0,0,7,0,306,0,26,8,1,6,1,840
111,0,0,0,4,0,0,0,1,0,9,0,15,15,1,0,0,0
112,0,0,1,12,0,0,0,3,1,105,0,11,3,1,4,0,244
113,0,0,1,7,0,0,0,1,1,299,0,13,1,0,2,1,576
114,0,0,0,16,30,1,0,4,0,145,0,20,22,12,10,0,22
115,1,0,3,18,21,0,0,20,0,834,0,21,6,3,5,0,989
116,0,0,0,9,9,0,0,2,0,144,0,0,2,0,1,1,381
117,0,0,1,19,12,0,0,2,0,101,0,5,4,3,2,0,164
118,0,0,1,15,25,0,0,3,0,409,0,0,3,0,0,0,624
119,0,0,1,10,18,0,0,0,0,19,0,6,3,0,2,0,4
120,1,0,1,14,8,0,0,1,0,131,0,3,1,0,2,0,225
121,0,0,1,12,19,0,0,1,0,192,0,12,1,0,3,0,334
122,0,0,0,10,6,0,0,2,0,46,0,4,2,0,1,0,76
123,0,0,1,11,12,0,0,1,0,49,0,10,8,1,2,0,91
124,1,0,1,12,8,0,0,0,0,197,0,3,3,0,0,0,302
125,2,0,0,2,3,0,0,1,0,121,0,17,1,0,2,0,963
126,0,0,1,5,3,0,0,0,0,140,0,5,0,1,1,0,151
127,0,0,0,10,2,0,0,4,0,60,0,0,2,1,2,0,85
128,0,0,0,1,1,0,0,1,0,558,0,0,0,0,3,1,1970
129,0,0,0,10,3,0,0,5,0,20,0,8,4,1,5,0,780
130,0,0,2,4,3,1,0,6,0,34,0,23,3,2,8,0,940
131,0,0,1,11,1,0,0,1,0,226,0,5,2,0,3,0,505
132,0,0,1,6,2,0,0,5,0,175,0,62,8,1,7,0,701
133,0,0,0,10,0,0,0,0,0,136,0,40,9,4,4,1,893
134,0,0,1,5,0,0,0,9,0,138,0,4,8,4,8,0,423
135,0,0,1,3,1,0,0,0,0,127,0,5,4,4,1,0,425
136,0,0,1,14,0,0,0,7,0,148,0,94,14,5,8,1,694
137,0,0,1,7,0,0,0,2,0,22,0,2,3,0,3,0,23
138,0,0,0,11,0,0,0,3,0,101,0,11,3,0,3,1,318
139,0,0,1,12,0,0,0,4,0,133,0,14,3,0,3,1,428
140,0,0,1,12,0,1,0,7,0,164,0,10,1,2,8,0,400
141,0,0,0,10,1,0,0,1,0,126,0,15,2,1,4,0,125
142,0,16,1,10,4,0,0,7,0,18,0,4,1,1,1,0,7
143,0,12,0,21,29,0,0,5,0,132,0,2,4,3,4,0,294
144,2,9,1,4,15,0,0,6,0,77,0,2,1,0,10,0,118
145,1,4,2,4,22,0,0,2,0,122,1,4,6,1,1,0,181
146,0,10,0,8,11,0,0,2,0,124,0,3,2,0,0,0,216
147,3,16,1,30,62,0,0,7,1,213,0,7,14,8,3,0,0
148,3,6,1,6,25,0,4,8,2,166,0,5,12,3,9,1,372
149,0,12,1,14,104,1,8,7,1,173,1,13,12,3,5,0,1842
150,0,4,4,8,47,0,3,18,6,121,0,3,13,6,18,0,131
