ward_id,ward_name,pop_annualized_growth_pct,pop_growth_z,infra_improvement_z,pressure_zscore,pressure_data_coverage,n_udise_signals_used,pressure_rank,udise_improvement_z,udise_imputed,udise_improvement_z_used,amenity_count,pressure_confidence,pressure_uncertainty
34,Talab Chanchalam,0.8778765056169036,2.033345394969309,-1.1752119406482862,2.8358558015753537,full,5,1.0,-1.1752119406482862,False,-1.1752119406482862,346,high,0.5
72,Asif Nagar,0.8645379033284772,1.6488293438480042,-0.763014256536591,2.1316872198970773,full,5,2.0,-0.763014256536591,False,-0.763014256536591,104,high,0.5
47,Nawab Saheb Kunta,0.8544898731651873,1.3591716423594158,-0.9774698186537816,2.0652204558907528,full,5,3.0,-0.9774698186537816,False,-0.9774698186537816,104,high,0.5
146,Boudha Nagar,0.8742712749694848,1.9294162859104211,-0.324953672657765,1.9925054961413746,full,5,4.0,-0.324953672657765,False,-0.324953672657765,376,high,0.5
88,Bholakpur,0.8445102415605366,1.0714856874677805,-1.0181858570739388,1.8469382196141768,full,5,5.0,-1.0181858570739388,False,-1.0181858570739388,259,high,0.5
103,Borabanda,0.87505690953813,1.9520640188158371,0.0220730464404086,1.7058059194524018,full,5,6.0,0.0220730464404086,False,0.0220730464404086,55,high,0.5
48,Shalibanda,0.8553571748921129,1.384173619924748,-0.5404383998851274,1.7010517784962498,full,5,7.0,-0.5404383998851274,False,-0.5404383998851274,113,high,0.5
37,Kurmaguda,0.8450146959284144,1.0860277509698597,-0.7399232755947434,1.6138511082829068,full,5,8.0,-0.7399232755947434,False,-0.7399232755947434,62,high,0.5
130,Subash Nagar,0.8684161569807669,1.7606289722782733,,1.556116772492067,population_only,0,9.0,,True,0.0,1026,medium,0.8
23,Gaddiannaram,0.824852390909947,0.5048026915847961,-1.219950265507156,1.5244080650695295,full,5,10.0,-1.219950265507156,False,-1.219950265507156,12,high,0.5
102,Rahmath Nagar,0.855215217957217,1.380081383058009,-0.2772891058242588,1.4648526501558925,full,5,11.0,-0.2772891058242588,False,-0.2772891058242588,253,high,0.5
53,Doodh Bowli,0.8509495996636973,1.257115073219222,-0.3992505735187578,1.463964529070159,full,5,12.0,-0.3992505735187578,False,-0.3992505735187578,191,high,0.5
54,Jahanuma,0.8535008124714416,1.3306596810568143,-0.3230001491866535,1.4615730164364966,full,5,13.0,-0.3230001491866535,False,-0.3230001491866535,144,high,0.5
56,Kishanbagh,0.8317444268075125,0.7034815613954358,-0.8971122124104409,1.4146710389200807,full,5,14.0,-0.8971122124104409,False,-0.8971122124104409,448,high,0.5
64,Dattatreya Nagar,0.8645881004218925,1.6502763911263048,0.1178306888225026,1.3544389521220646,full,5,15.0,0.1178306888225026,False,0.1178306888225026,57,high,0.5
44,Uppuguda,0.8577908935683443,1.4543311877635177,-0.0481668437436087,1.3279699608936206,full,5,16.0,-0.0481668437436087,False,-0.0481668437436087,555,high,0.5
126,Jagathgirigutta,0.8592173653994228,1.4954525364372115,,1.3217428606803272,population_only,0,17.0,,True,0.0,307,medium,0.8
70,Mehdipatnam,0.8441452582674813,1.060964200168274,-0.3505402552761276,1.2475460714031446,full,5,18.0,-0.3505402552761276,False,-0.3505402552761276,60,high,0.5
33,Moghalpura,0.8587655196879318,1.4824270390918577,0.093332855243528,1.2277389456226209,full,5,19.0,0.093332855243528,False,0.093332855243528,48,high,0.5
31,Rein Bazar,0.85742680045795,1.4438353620374016,0.0559928158226612,1.2266326964665648,full,5,20.0,0.0559928158226612,False,0.0559928158226612,387,high,0.5
52,Puranapool,0.8498417547083248,1.2251788809343584,-0.155382978104661,1.2201977237336405,full,5,21.0,-0.155382978104661,False,-0.155382978104661,129,high,0.5
81,Nallakunta,0.826038069274837,0.5389826118574821,-0.7820128616042048,1.1675504862218826,full,5,22.0,-0.7820128616042048,False,-0.7820128616042048,977,high,0.5
29,Chawni,0.8374991303665036,0.8693741969226951,-0.4184049614304344,1.138192531834751,full,5,23.0,-0.4184049614304344,False,-0.4184049614304344,43,high,0.5
39,Santhosh Nagar,0.8335427198040035,0.7553215148491653,-0.5256647212453379,1.132188665928123,full,5,24.0,-0.5256647212453379,False,-0.5256647212453379,49,high,0.5
117,Moosapet,0.8496259765526037,1.218958576695429,,1.0773660527205127,population_only,0,25.0,,True,0.0,313,medium,0.8
76,Mallepally,0.8529068038109822,1.3135360080127576,0.0965582881047705,1.0756152894879536,full,5,26.0,0.0965582881047705,False,0.0965582881047705,238,high,0.5
86,Musheerabad,0.854072975584308,1.3471536056824505,0.1754590638244392,1.0355921420873242,full,5,27.0,0.1754590638244392,False,0.1754590638244392,303,high,0.5
32,Patthergatti,0.832540719022945,0.7264365256110213,-0.4404735140544308,1.0313634009799733,full,5,28.0,-0.4404735140544308,False,-0.4404735140544308,174,high,0.5
84,Bagh Amberpet,0.8447939402602245,1.079663958425518,-0.0772490183671786,1.0225275829530653,full,5,29.0,-0.0772490183671786,False,-0.0772490183671786,105,high,0.5
25,Moosarambagh,0.8308355528972688,0.6772811695269942,-0.4625716889063344,1.007449144089618,full,5,30.0,-0.4625716889063344,False,-0.4625716889063344,682,high,0.5
46,Falaknuma,0.8162478833324993,0.2567578661989822,-0.880834598197535,1.0054513142637393,full,5,31.0,-0.880834598197535,False,-0.880834598197535,291,high,0.5
85,Adikmet,0.838409253932304,0.895610613001888,-0.222033763126889,0.9878203680386444,full,5,32.0,-0.222033763126889,False,-0.222033763126889,366,high,0.5
35,Gowlipura,0.8649261003902842,1.6600200217042895,0.5526027432797235,0.9787812357046782,full,5,33.0,0.5526027432797235,False,0.5526027432797235,186,high,0.5
20,RK Puram,0.8451926760512762,1.091158439518862,,0.9644110007938708,population_only,0,34.0,,True,0.0,25,medium,0.8
40,Riyasat Nagar,0.8645484562540773,1.6491335563278249,0.5976297807628843,0.9293625671614378,full,5,35.0,0.5976297807628843,False,0.5976297807628843,36,high,0.5
9,Ramanthapur,0.8413487201737846,0.980347523746967,,0.8664717260671129,population_only,0,36.0,,True,0.0,2011,medium,0.8
131,Quthbullapur,0.8386178810009692,0.901624770622418,,0.7968932978788363,population_only,0,37.0,,True,0.0,755,medium,0.8
24,Saidabad,0.8245963935351597,0.4974229753654999,-0.366401395692107,0.7634837398766253,full,5,38.0,-0.366401395692107,False,-0.366401395692107,142,high,0.5
141,Gautham Nagar,0.8367763691945029,0.8485389350450216,,0.7499738387398407,population_only,0,39.0,,True,0.0,285,medium,0.8
22,Chaitanyapuri,0.8367314282141436,0.8472434073782069,,0.7488287977554536,population_only,0,40.0,,True,0.0,2449,medium,0.8
87,Ramnagar,0.8413671178955751,0.9808778806149152,0.1408185337732501,0.7424792276464005,full,5,41.0,0.1408185337732501,False,0.1408185337732501,452,high,0.5
127,Rangareddy Nagar,0.8345972472492136,0.7857207066282801,,0.6944524879063165,population_only,0,42.0,,True,0.0,166,medium,0.8
145,Seethaphalmandi,0.8642081329677698,1.6393229507391769,0.8937494881319032,0.6589686916186875,full,5,43.0,0.8937494881319032,False,0.8937494881319032,351,high,0.5
111,Bharati Nagar,0.832773644806517,0.733151149869754,,0.6479893373604294,population_only,0,44.0,,True,0.0,45,medium,0.8
122,Vivekananda Nagar Colony,0.8295940972868676,0.6414933411899827,,0.5669783715850022,population_only,0,45.0,,True,0.0,147,medium,0.8
43,Chandrayangutta,0.8159841691003589,0.2491556937243507,-0.2801352245738721,0.4678092252598791,full,5,46.0,-0.2801352245738721,False,-0.2801352245738721,299,high,0.5
21,Kothapet,0.8251731729324918,0.5140499750641652,,0.4543386486826762,population_only,0,47.0,,True,0.0,792,medium,0.8
38,IS Sadan,0.8012153503583752,-0.1765896534715323,-0.6663346778238791,0.4328569270634345,full,5,48.0,-0.6663346778238791,False,-0.6663346778238791,333,high,0.5
147,Bansilapet,0.8175782269151499,0.2951080958537964,-0.1366567679464894,0.38161166089580223,full,5,49.0,-0.1366567679464894,False,-0.1366567679464894,365,high,0.5
63,Mangalhat,0.826597460584777,0.5551083597341041,0.179691061582786,0.3318093496899421,full,5,50.0,0.179691061582786,False,0.179691061582786,139,high,0.5
73,Vijay Nagar Colony,0.817501944006227,0.2929090646305221,-0.0595351086837165,0.3115047509139297,full,5,51.0,-0.0595351086837165,False,-0.0595351086837165,216,high,0.5
17,Champapet,0.8185751091072779,0.3238455299313392,,0.28622808596102833,population_only,0,52.0,,True,0.0,201,medium,0.8
93,Banjara Hills,0.816137318076593,0.2535705670597599,-0.0444354427740445,0.26339004839034785,full,5,53.0,-0.0444354427740445,False,-0.0444354427740445,1182,high,0.5
36,Lalithabagh,0.8677595245813352,1.7417000251661112,1.4596281215389726,0.24930682568228518,full,5,54.0,1.4596281215389726,False,1.4596281215389726,366,high,0.5
121,Kukatpally,0.8155884053582918,0.2377468888146593,,0.21013054261714628,population_only,0,55.0,,True,0.0,575,medium,0.8
28,Azampura,0.8071821273478053,-0.0045835109772884,-0.2303634398740542,0.1995536480316407,full,5,56.0,-0.2303634398740542,False,-0.2303634398740542,527,high,0.5
80,Kachiguda,0.8226175194515406,0.4403773545541106,0.2310391115831002,0.18502180535498225,full,5,57.0,0.2310391115831002,False,0.2310391115831002,82,high,0.5
83,Amberpet,0.8023752669975792,-0.1431523745053837,-0.3340539885166779,0.1687267494379467,full,5,58.0,-0.3340539885166779,False,-0.3340539885166779,256,high,0.5
27,Akbarbagh,0.8124403576361239,0.1469971346279155,-0.0148086992853743,0.14301069447569237,full,5,59.0,-0.0148086992853743,False,-0.0148086992853743,107,high,0.5
15,Vanasthalipuram,0.8124877393637098,0.1483630224767827,,0.13112938122050496,population_only,0,60.0,,True,0.0,39,medium,0.8
96,Yousufguda,0.8134851714196811,0.1771163076509491,0.0573398821953782,0.10586336334076027,full,5,61.0,0.0573398821953782,False,0.0573398821953782,162,high,0.5
12,Mansoorabad,0.8110560263781652,0.1070905854075432,,0.09465109273593043,population_only,0,62.0,,True,0.0,367,medium,0.8
95,Jubilee Hills,0.8142237753624215,0.1984082740252361,0.1124830601272735,0.07594426118841546,full,5,63.0,0.1124830601272735,False,0.1124830601272735,401,high,0.5
30,Dabeerpura,0.8056002419102537,-0.050185016189075,-0.1220062130261932,0.0634785470297453,full,5,64.0,-0.1220062130261932,False,-0.1220062130261932,452,high,0.5
62,Ziaguda,0.8215518722745729,0.4096576107971719,0.3509402605897546,0.0518968249033311,full,5,65.0,0.3509402605897546,False,0.3509402605897546,203,high,0.5
71,Gudimalkapur,0.8292604722042851,0.6318758268106124,0.5881412319811249,0.03865444544187506,full,5,66.0,0.5881412319811249,False,0.5881412319811249,123,high,0.5
100,Sanath Nagar,0.8184015453044813,0.3188421520191817,0.2927685316876177,0.023044945048836182,full,5,67.0,0.2927685316876177,False,0.2927685316876177,240,high,0.5
18,Lingojiguda,0.8079578386500863,0.0177781608316145,,0.015713074526055866,population_only,0,68.0,,True,0.0,274,medium,0.8
148,Ramgopalpet,0.8212188165150458,0.4000565084712033,0.3950018035175173,0.004467557493533706,full,5,69.0,0.3950018035175173,False,0.3950018035175173,623,high,0.5
137,Vinayak Nagar,0.8064084811658212,-0.0268856509188699,,-0.023762651298460374,population_only,0,70.0,,True,0.0,63,medium,0.8
89,Gandhinagar,0.8236009927377719,0.4687282459164736,0.5136976637386346,-0.03974583312218899,full,5,71.0,0.5136976637386346,False,0.5136976637386346,379,high,0.5
6,Nacharam,0.8050246045147036,-0.066779095045953,,-0.05902212873299238,population_only,0,72.0,,True,0.0,1321,medium,0.8
135,Venkatapuram,0.8049385191492897,-0.0692607047418206,,-0.06121547811626502,population_only,0,73.0,,True,0.0,571,medium,0.8
101,Erragadda,0.8104068146018273,0.0883755549132682,0.1962832039696515,-0.09537324741369801,full,5,74.0,0.1962832039696515,False,0.1962832039696515,77,high,0.5
55,Ramnaspura,0.7844965981210761,-0.6585463421074732,-0.532489064725725,-0.11141464028879693,full,5,75.0,-0.532489064725725,False,-0.532489064725725,616,high,0.5
113,Patancheruvu,0.8029605638485426,-0.1262798395126081,,-0.11161134991371267,population_only,0,76.0,,True,0.0,902,medium,0.8
119,Old Bowenpally,0.8025495286269946,-0.1381288801274983,,-0.12208402253758226,population_only,0,77.0,,True,0.0,63,medium,0.8
50,Begum Bazar,0.8009938865638278,-0.1829738593953882,-0.0253929087904697,-0.13927656770537078,full,5,78.0,-0.0253929087904697,False,-0.0253929087904697,211,high,0.5
16,Hasthinapuram,0.8017714513617769,-0.1605587562883896,,-0.14190847564408618,population_only,0,79.0,,True,0.0,151,medium,0.8
150,Monda Market,0.8144447139705413,0.2047773402360316,0.3749284015329738,-0.15038655191438235,full,5,80.0,0.3749284015329738,False,0.3749284015329738,382,high,0.5
79,Himayath Nagar,0.8164441107693765,0.2624145757640573,0.4407660977109189,-0.15763445852072885,full,5,81.0,0.4407660977109189,False,0.4407660977109189,229,high,0.5
59,Mailardevpally,0.8002720155190879,-0.2037834612967078,,-0.1801122593535108,population_only,0,82.0,,True,0.0,1293,medium,0.8
58,Shastripuram,0.8002605123973217,-0.2041150653779658,,-0.18040534476832407,population_only,0,83.0,,True,0.0,590,medium,0.8
140,Malkajgiri,0.800002367082886,-0.2115567009238734,,-0.18698257033378504,population_only,0,84.0,,True,0.0,606,medium,0.8
97,Somajiguda,0.800426257814868,-0.1993370704975229,0.0437320948611852,-0.2148345909592047,full,5,85.0,0.0437320948611852,False,0.0437320948611852,546,high,0.5
118,Fateh Nagar,0.7984217338828259,-0.2571221074946722,,-0.227255162984858,population_only,0,86.0,,True,0.0,1080,medium,0.8
77,Jambagh,0.8169474002948096,0.2769230599894374,0.5615508722578622,-0.2515658435493526,full,5,87.0,0.5615508722578622,False,0.5615508722578622,264,high,0.5
51,Goshamahal,0.7896655217972892,-0.5095401660818607,-0.1837925036525672,-0.2879092694074924,full,5,88.0,-0.1837925036525672,False,-0.1837925036525672,164,high,0.5
120,Balanagar,0.795408777893547,-0.3439775301355458,,-0.30402158116918193,population_only,0,89.0,,True,0.0,387,medium,0.8
104,Kondapur,0.7942563787987522,-0.3771980985027989,,-0.33338329476242573,population_only,0,90.0,,True,0.0,840,medium,0.8
82,Golnaka,0.7903638041409033,-0.4894105630298821,-0.0670794767162618,-0.3732736978120915,full,5,91.0,-0.0670794767162618,False,-0.0670794767162618,1151,high,0.5
49,Ghansi Bazar,0.7988406813291604,-0.2450449787064719,0.1824218568398098,-0.37781288559446463,full,5,92.0,0.1824218568398098,False,0.1824218568398098,210,high,0.5
98,Ameerpet,0.7954551886397043,-0.3426396330713622,0.0888068379008029,-0.3813302521334278,full,5,93.0,0.0888068379008029,False,0.0888068379008029,443,high,0.5
14,BN Reddy Nagar,0.7915311333026809,-0.4557596009620721,,-0.40281920293725126,population_only,0,94.0,,True,0.0,255,medium,0.8
45,Jangammet,0.8136618598611145,0.1822097604962811,0.6551914780489516,-0.4180408225438882,full,5,95.0,0.6551914780489516,False,0.6551914780489516,254,high,0.5
94,Shaikpet,0.8231133378652444,0.454670466709951,0.9439858624783488,-0.4324772035351038,full,5,96.0,0.9439858624783488,False,0.9439858624783488,551,high,0.5
5,Mallapur,0.7900080534253062,-0.4996658999375337,,-0.44162540761157043,population_only,0,97.0,,True,0.0,1028,medium,0.8
116,Allapur,0.8173311991723775,0.2879869500159994,0.7896690981507821,-0.44340745123725617,full,5,98.0,0.7896690981507821,False,0.7896690981507821,549,high,0.5
61,Attapur,0.7898077177709073,-0.5054410383712746,,-0.44672971403939143,population_only,0,99.0,,True,0.0,371,medium,0.8
57,Suleman Nagar,0.7887027311474615,-0.5372948326296069,-0.0303810793660194,-0.4480313604288981,full,5,100.0,-0.0303810793660194,False,-0.0303810793660194,66,high,0.5
19,Saroornagar,0.7886486089917266,-0.5388550289043993,,-0.4762623821501535,population_only,0,101.0,,True,0.0,214,medium,0.8
125,Gajularamaram,0.7877402575578563,-0.5650403591833645,,-0.49940606107508584,population_only,0,102.0,,True,0.0,1112,medium,0.8
109,Hafeezpet,0.7862160574292787,-0.6089789519898808,,-0.5382408083741963,population_only,0,103.0,,True,0.0,419,medium,0.8
65,Karwan,0.8135650689140128,0.1794195376559071,0.8017371771867534,-0.5500300926199667,full,5,104.0,0.8017371771867534,False,0.8017371771867534,249,high,0.5
129,Suraram,0.7853624312170293,-0.6335867012255388,,-0.5599901558641079,population_only,0,105.0,,True,0.0,836,medium,0.8
10,Uppal,0.7847899987643014,-0.6500883901954234,,-0.5745750317151831,population_only,0,106.0,,True,0.0,2761,medium,0.8
67,Golconda,0.7772666152137564,-0.8669673158409272,-0.2049125058972836,-0.5851514488763694,full,5,107.0,-0.2049125058972836,False,-0.2049125058972836,93,high,0.5
74,Ahmed Nagar,0.7742231689022105,-0.9547016925177638,-0.2224166456760467,-0.6472238396491768,full,5,108.0,-0.2224166456760467,False,-0.2224166456760467,243,high,0.5
124,Alwyn Colony,0.7817918891996678,-0.7365158303195078,,-0.6509631812334818,population_only,0,109.0,,True,0.0,527,medium,0.8
7,Chilka Nagar,0.7805764406010995,-0.7715539464096705,,-0.6819313187473569,population_only,0,110.0,,True,0.0,512,medium,0.8
112,Ramachandrapuram,0.7800608437708023,-0.7864172171534555,,-0.6950680927427123,population_only,0,111.0,,True,0.0,385,medium,0.8
134,Alwal,0.7798510680004034,-0.7924644887573714,,-0.7004129217321453,population_only,0,112.0,,True,0.0,600,medium,0.8
138,Moula Ali,0.7788032707918946,-0.822669665902604,,-0.7271095077317318,population_only,0,113.0,,True,0.0,451,medium,0.8
110,Chandanagar,0.7786902172987276,-0.8259286942339141,,-0.7299899718887063,population_only,0,114.0,,True,0.0,1211,medium,0.8
78,Gunfoundry,0.7769564574664933,-0.8759083300209327,-0.0280816582004078,-0.7493443110156411,full,5,115.0,-0.0280816582004078,False,-0.0280816582004078,234,high,0.5
75,Red Hills,0.791391336573577,-0.4597895649022483,0.3959508732772423,-0.7563388253390277,full,5,116.0,0.3959508732772423,False,0.3959508732772423,222,high,0.5
143,Tarnaka,0.7858027582982929,-0.6208932550286934,0.2421612311051472,-0.7628032837091792,full,5,117.0,0.2421612311051472,False,0.2421612311051472,506,high,0.5
92,Venkateshwara Colony,0.7751215989813431,-0.9288023682282605,-0.058356919897595,-0.7693357220709376,full,5,118.0,-0.058356919897595,False,-0.058356919897595,667,high,0.5
11,Nagole,0.776314569058334,-0.8944122474951152,,-0.7905185713537645,population_only,0,119.0,,True,0.0,1713,medium,0.8
2,Dr A S Rao Nagar,0.7751517117908779,-0.9279342968696492,,-0.8201467463420009,population_only,0,120.0,,True,0.0,406,medium,0.8
123,Hydernagar,0.7750094414699094,-0.9320355678145118,,-0.823771619388124,population_only,0,121.0,,True,0.0,186,medium,0.8
115,Balaji Nagar,0.774843954596971,-0.93680610954885,,-0.8279880216645622,population_only,0,122.0,,True,0.0,1921,medium,0.8
128,Chintal,0.7747449836722042,-0.9396591752857416,,-0.8305096792744869,population_only,0,123.0,,True,0.0,2535,medium,0.8
26,Old Malakpet,0.7832188028386255,-0.6953817455121936,0.2499832562144662,-0.8355527248936624,full,5,124.0,0.2499832562144662,False,0.2499832562144662,822,high,0.5
3,Cherlapally,0.7744455938924144,-0.9482897779067334,,-0.8381377631619515,population_only,0,125.0,,True,0.0,968,medium,0.8
114,KPHB Colony,0.7737853234841774,-0.967323599034142,,-0.854960642239448,population_only,0,126.0,,True,0.0,282,medium,0.8
60,Rajendra Nagar,0.7704836994579578,-1.0625005452686604,,-0.9390819674715656,population_only,0,127.0,,True,0.0,2107,medium,0.8
13,Hayath Nagar,0.7701215444701148,-1.0729405001311048,,-0.9483092317738719,population_only,0,128.0,,True,0.0,27,medium,0.8
133,Macha Bolarum,0.76948143313611,-1.091393189334014,,-0.9646184823987061,population_only,0,129.0,,True,0.0,1097,medium,0.8
68,Tolichowki,0.7775651745259182,-0.858360653369435,0.2506216656929225,-0.9801644834101492,full,5,130.0,0.2506216656929225,False,0.2506216656929225,853,high,0.5
1,Kapra,0.7687340690428757,-1.112937687300615,,-0.9836604016040716,population_only,0,131.0,,True,0.0,1013,medium,0.8
90,Kavadiguda,0.7704860123087798,-1.062433871996179,0.051984498605515,-0.9849690908031233,full,5,132.0,0.051984498605515,False,0.051984498605515,610,high,0.5
106,Serilingampally,0.7616476869801048,-1.3172190346707062,,-1.1642127132808069,population_only,0,133.0,,True,0.0,942,medium,0.8
136,Neredmet,0.7604775101155425,-1.350952088355453,,-1.1940273826135988,population_only,0,134.0,,True,0.0,986,medium,0.8
107,Madhapur,0.76003380773213,-1.36374283544077,,-1.2053323744009425,population_only,0,135.0,,True,0.0,777,medium,0.8
139,East Anand Bagh,0.7583663403660568,-1.4118114376160118,,-1.2478173949549038,population_only,0,136.0,,True,0.0,599,medium,0.8
42,Barkas,0.7567927850915757,-1.4571728066171383,-0.0336060124263836,-1.258207265745745,full,5,137.0,-0.0336060124263836,False,-0.0336060124263836,201,high,0.5
99,Vengal Rao Nagar,0.7696098810050733,-1.087690382527067,0.3632123693693197,-1.2823679168242188,full,5,138.0,0.3632123693693197,False,0.3632123693693197,601,high,0.5
41,Kanchanbagh,0.7576185624502685,-1.4333678649745305,0.0257660128403525,-1.2896429266644192,full,5,139.0,0.0257660128403525,False,0.0257660128403525,343,high,0.5
66,Langar Houz,0.7570505361504498,-1.4497425363993492,0.0181972233909151,-1.2974259297015354,full,5,140.0,0.0181972233909151,False,0.0181972233909151,618,high,0.5
105,Gachibowli,0.7549327687834229,-1.5107920772398715,,-1.335300581870413,population_only,0,141.0,,True,0.0,3116,medium,0.8
91,Khairatabad,0.762509561874114,-1.2923734981115589,0.2904892420375718,-1.3989996173421488,full,5,142.0,0.2904892420375718,False,0.2904892420375718,2171,high,0.5
4,Meerpet H.B Colony,0.7509218708833476,-1.626415482799077,,-1.437493334299398,population_only,0,143.0,,True,0.0,44,medium,0.8
8,Habsiguda,0.7443242048621457,-1.816608460311497,,-1.6055937614633926,population_only,0,144.0,,True,0.0,131,medium,0.8
108,Miyapur,0.7349187912228716,-2.087741254702864,,-1.8452321495441515,population_only,0,145.0,,True,0.0,321,medium,0.8
142,Addagutta,0.7634132630773616,-1.2663222214820848,0.9326987272757268,-1.9435857499240279,full,5,146.0,0.9326987272757268,False,0.9326987272757268,70,high,0.5
144,Mettuguda,0.7303332734120538,-2.2199294077668466,0.0241666201660597,-1.9834249709241272,full,5,147.0,0.0241666201660597,False,0.0241666201660597,245,high,0.5
132,Jeedimetla,0.7228881172394175,-2.4345532483747565,,-2.1517589469283225,population_only,0,148.0,,True,0.0,968,medium,0.8
149,Begumpet,0.7266746062961627,-2.3253989465798077,0.2870918335836672,-2.309027503808858,full,5,149.0,0.2870918335836672,False,0.2870918335836672,2197,high,0.5
69,Nanal Nagar,0.7575644126783132,-1.4349288573507275,1.5221998978542328,-2.613632813527113,full,5,150.0,1.5221998978542328,False,1.5221998978542328,604,high,0.5
