ward_id,ward_name,svi_score,svi_band_absolute,svi_pc1_raw,v_illiteracy,v_nonworker,v_sc_st_share,v_child_share,v_crowding,v_marginal_share,contrib_illiteracy,contrib_nonworker,contrib_sc_st_share,contrib_child_share,contrib_crowding,contrib_marginal_share,svi_band_percentile,svi_rank
1,Kapra,12.680121752894491,green,-1.6453127517332549,0.1188503889281745,0.6132641735939659,0.10290153797368,0.1031280436702983,4.050738599871548,0.1820897270703994,-0.3330850836652671,-0.2318237765065955,-0.1280002063254486,-0.4004151349160644,-0.444158234709424,-0.107830315610455,green,125
2,Dr A S Rao Nagar,18.734283678123067,green,-1.1534340613970555,0.1813048087115736,0.5899533500101413,0.1395443174903657,0.1230308971671962,4.077463818056513,0.1711871393239901,0.1270952784014838,-0.4916186198582142,-0.3661979192165441,0.1601358668431723,-0.4184867915009663,-0.164361876065987,green,105
3,Cherlapally,15.260463530416216,green,-1.435669344466898,0.1764337933461042,0.6100749822501602,0.1979150432057075,0.1141011654285071,4.11244836917818,0.1956299684682684,0.0912043739260532,-0.2673667277285017,-0.745638931841054,-0.0913642546014045,-0.3848816807371367,-0.0376221234848544,green,119
4,Meerpet H.B Colony,17.05792916128591,green,-1.289631783635861,0.1534786704346655,0.6085505735140772,0.1244600029792939,0.1144346789810814,4.041297935103245,0.1789710023593881,-0.0779349249307504,-0.2843559828429947,-0.2681417874367174,-0.081971061006075,-0.4532266541989206,-0.1240013732204031,green,113
5,Mallapur,20.364108719543964,green,-1.021016690214671,0.1888747429242973,0.6226771598946055,0.1375156011648869,0.1149805852170295,4.116748733319061,0.1495382919097716,0.1828725168885928,-0.1269177746807963,-0.3530101754043196,-0.0665959647931125,-0.3807508798937439,-0.2766144123312913,yellow,96
6,Nacharam,16.538931170534777,green,-1.3317984873234483,0.1550070642633899,0.6320087411582035,0.0856863534418309,0.1045296835163992,4.091529411764706,0.1141324165234151,-0.0666733228228092,-0.0229190170272244,-0.0160922769442356,-0.3609388547957285,-0.4049758039545199,-0.4601992117789303,green,114
7,Chilka Nagar,22.05179015402969,green,-0.8838986970139496,0.1903794167832971,0.6131795939791064,0.0935473493506712,0.1168622271888386,4.094350086655113,0.1330648691236978,0.1939593441080011,-0.2327664007649859,-0.0671929650260272,-0.0136007351184222,-0.4022663482353023,-0.3620315919772131,yellow,84
8,Habsiguda,12.640284345398712,green,-1.648549396551716,0.1263216717401214,0.6128384755473434,0.0804099591901843,0.0960559373629149,4.095992595012524,0.1735965665236051,-0.2780347342836099,-0.2365681029753578,0.0182071146311668,-0.5995964370227921,-0.4006886039592833,-0.1518686329418397,green,126
9,Ramanthapur,24.596846231804847,green,-0.67712212482622,0.1795386324814674,0.6353926732295594,0.0989128680623816,0.1153445518698376,4.228874550192332,0.1306534685337196,0.1140816338930129,0.0147942838018569,-0.1020717133759393,-0.0563450793173034,-0.2730461824000693,-0.3745350674277778,yellow,79
10,Uppal,19.199611830304487,green,-1.115627837364995,0.1596565250354352,0.641576745210306,0.1296043455920134,0.1092417235557513,4.177809126594701,0.1421315638568034,-0.0324148900503108,0.0837146291399781,-0.3015827725595846,-0.2282272933706243,-0.3220980970646956,-0.3150194134597577,green,104
11,Nagole,9.537590924310026,green,-1.9006319796290136,0.0822772342241776,0.6456937893860727,0.0587174507550235,0.0946256589116563,4.091955887122932,0.0982717154203255,-0.6025655725078234,0.1295983295964979,0.1592200499018987,-0.6398793049428433,-0.4045661445136606,-0.5424393371630831,green,134
12,Mansoorabad,26.841117123806374,green,-0.494783257654991,0.1901509554939158,0.6483726866624122,0.1312282165823964,0.1195449413381768,4.199989691253029,0.1458885941644562,0.192275982078054,0.1594541472495744,-0.3121388046357892,0.0619561745518202,-0.3007921117583486,-0.295538645140302,yellow,74
13,Hayath Nagar,22.86664227967571,green,-0.817694918302613,0.1734911892114393,0.6428212981709321,0.1397497793697761,0.1171849313883265,4.252005003311015,0.1330846373722203,0.0695225035187145,0.0975849430860286,-0.3675335315911341,-0.0045119799646438,-0.2508277627219759,-0.3619290906296022,yellow,82
14,BN Reddy Nagar,21.15247131245172,green,-0.9569650899273404,0.1430825189535036,0.634528666523513,0.0673472973236769,0.1091026216643566,4.133209617556882,0.1423993163123598,-0.1545364652107473,0.0051650879030119,0.1031214203119064,-0.2321450082138757,-0.3649390480895063,-0.3136310766281295,yellow,90
15,Vanasthalipuram,12.480989556805442,green,-1.6614915201616127,0.1322295761330946,0.6116752647298398,0.0649289528464113,0.100208163634718,4.059744268077601,0.1299585139607514,-0.2345037625438516,-0.2495318736903465,0.1188419560099467,-0.4826516684471179,-0.4355076598738565,-0.3781385116163869,green,128
16,Hasthinapuram,13.317476167785204,green,-1.593530018012501,0.0920954400215008,0.6372879527495348,0.0430702014617437,0.0968742414843981,4.159169938306225,0.1173321436538032,-0.530222485912389,0.0359168256214945,0.2609355595836592,-0.5765494304660366,-0.3400023424215603,-0.4436081444176687,green,122
17,Champapet,10.119797915818294,green,-1.8533297739687555,0.0955564167151068,0.6283664068036854,0.0383593196314669,0.0855776045357902,4.036233611442193,0.1597139451728247,-0.5047211120545929,-0.0635121637971592,0.2915588172205746,-0.8947119069691946,-0.4580912916493672,-0.2238521167190161,green,133
18,Lingojiguda,20.463149965933763,green,-1.012969948293139,0.1133113311331133,0.6107677680057048,0.1093811900800253,0.0997147611124316,4.3838138242445295,0.2822391857506361,-0.3738982980139094,-0.259645757845532,-0.1701214190833017,-0.4965480315078865,-0.1242161617408436,0.4114597198983344,yellow,95
19,Saroornagar,23.300311552394597,green,-0.782460863360159,0.1200059372139623,0.6550214478397383,0.104121523017733,0.10619997346659,4.356193411674052,0.1853608511729265,-0.3245707042124812,0.2335533682545467,-0.1359307632069876,-0.3138962181731082,-0.1507475018328057,-0.0908690441893228,yellow,81
20,RK Puram,17.312657445883733,green,-1.268936034733368,0.2144154003034297,0.5973309295576467,0.1467109313165068,0.1160188198047665,4.215775326721661,0.1074529074529074,0.3710627042430537,-0.4093968521044469,-0.412784751467716,-0.0373547588370041,-0.2856289036738437,-0.494833472893411,green,112
21,Kothapet,54.680740790110846,yellow,1.7670851557699607,0.1523256757853721,0.6732568589099751,0.0431886662790082,0.1317157406917939,5.085670759028587,0.2418163188265113,-0.0864304885275786,0.4367836722122276,0.2601654747565075,0.4047388700554621,0.5499665639929908,0.2018610632803513,red,27
22,Chaitanyapuri,68.58888362743684,red,2.897071298909736,0.1787683255457489,0.7012706480304955,0.0138500635324014,0.1433926302414231,5.155021834061135,0.2489011768041968,0.1084058126170995,0.7489922018714272,0.450882122506439,0.7336109152371619,0.6165831271140781,0.2385971195635295,red,13
23,Gaddiannaram,63.46909795336673,red,2.4811072888178565,0.2240565259022022,0.6808160018183884,0.0317365609728376,0.1394760768269121,5.055443837977593,0.2104326152750578,0.4421010180110964,0.5210289302444849,0.3346102992948767,0.6233037203271526,0.5209314900131763,0.0391318309270696,red,19
24,Saidabad,67.81063469612425,red,2.833841396931992,0.2075535768185934,0.7068281684577786,0.0330793410463602,0.1276270098579728,5.182345415778252,0.2885371056472437,0.3205030092424213,0.8109297453321951,0.3258815088852088,0.2895824094414317,0.6428293403890446,0.4441153836416899,red,14
25,Moosarambagh,66.58283839773247,red,2.734087402454915,0.2044687595868698,0.693966089689672,0.0045154721324538,0.1341803532692903,5.128036322360954,0.2399826414002603,0.2977732758540142,0.6675842420418219,0.511561971348908,0.4741530899551031,0.5906616537600415,0.1923531694950258,red,15
26,Old Malakpet,48.20784105626365,yellow,1.2411855377741832,0.1952385930068467,0.69526824009725,0.1200256886625839,0.1223193192504415,4.935922110268312,0.2072105976215565,0.2297630147153706,0.6820964689453667,-0.2393163669197069,0.1400947348452509,0.406122502343557,0.0224251838443447,red,35
27,Akbarbagh,56.956197126707295,yellow,1.9519577271655488,0.2351283996099252,0.670330698348847,0.1178259039244117,0.1366294026848777,4.876596715328467,0.2717082860385925,0.5236814549000742,0.4041721507073642,-0.225016586706616,0.5431289834609923,0.3491363068903668,0.3568554179133673,red,23
28,Azampura,53.26153041106591,yellow,1.651779461740343,0.1876742258720711,0.6667675544794189,0.0448590453130404,0.1391603251470079,4.809815950920245,0.1960555339301933,0.1740267959023645,0.3644615673352835,0.2493071154612873,0.6144107783927188,0.2849887070819014,-0.0354155024332128,red,28
29,Chawni,65.3631822060597,red,2.634994762114314,0.1590095465393795,0.7186261803369747,0.0026291427513422,0.1311238659507498,5.259518940500536,0.2223465157596894,-0.0371819953984496,0.9424164187650084,0.5238241236819606,0.3880691006146142,0.7169599141188107,0.1009072003323702,red,16
30,Dabeerpura,45.38405832109515,yellow,1.01176343596672,0.1581789358961656,0.6769923103809856,0.1034166375393217,0.1180531282768262,4.835833509402071,0.2758014337887191,-0.0433021500305204,0.4784145921267064,-0.1313486296728418,0.0199402241199945,0.3099803935993445,0.3780790058240367,red,40
31,Rein Bazar,62.38436857967638,red,2.392976962888413,0.145668758181736,0.6980221518987342,0.00751582278481,0.1236946202531645,4.848484848484849,0.361540476814252,-0.1354803838546672,0.7127883096904194,0.4920580834700663,0.1788291984696271,0.3221328905603304,0.8226488645526374,red,20
32,Patthergatti,30.26099353464391,yellow,-0.2169307074837438,0.1179428896150021,0.6641026289820602,0.0589559980769717,0.1094607929961286,4.478807796917498,0.1807909604519774,-0.3397717739581139,0.3347614625903589,0.1576693644120471,-0.2220573442084356,-0.0329678000720205,-0.1145646162475797,yellow,65
33,Moghalpura,26.707543459025928,green,-0.5056356332780845,0.1083538915493639,0.6160556964201298,0.0746056985689113,0.1115647427908376,4.598616600790514,0.2280053727333781,-0.4104259985431236,-0.2007127678059441,0.0559379206247873,-0.1628009584213894,0.0821169443522431,0.1302492265153421,yellow,75
34,Talab Chanchalam,43.59999704543002,yellow,0.8668149303615351,0.167928751726437,0.6619347719990664,0.0395102595115326,0.1089184543892036,4.772354430379747,0.2476148631684659,0.028537021551233,0.3106010950563523,0.2840770909235298,-0.2373319604563972,0.2490042937685277,0.2319273895182895,red,46
35,Gowlipura,56.493918378226624,yellow,1.9143992561201368,0.1909907892158234,0.6808325458795444,0.0312329039637936,0.1117769930869846,5.102004567368688,0.2892871055707051,0.1984640947458793,0.5212133107645885,0.337884339889456,-0.1568230660479436,0.5656563305003651,0.4480042462677911,red,24
36,Lalithabagh,60.9936752399674,red,2.279988174837539,0.1722410955066017,0.7006332046332047,0.0326795366795366,0.118054054054054,5.0864100549882165,0.3144861741642591,0.0603114888986977,0.7418880123969884,0.3284804516247433,0.0199662980371095,0.5506767095233479,0.5786652143566523,red,21
37,Kurmaguda,53.21065805634374,yellow,1.6476462674974242,0.1110621580937695,0.6862489829129373,0.0150691619202602,0.1135231895850284,5.248548001366587,0.2828838174273859,-0.3904707882745765,0.5815785057373927,0.4429573293655432,-0.1076425705778087,0.7064215589603463,0.4148022322865272,red,29
38,IS Sadan,50.903382278256245,yellow,1.4601884819299742,0.1054502369668246,0.6820650065937476,0.0220308742533549,0.1161275308354666,5.14919113241462,0.2766865926558497,-0.4318208785491161,0.5349488588473086,0.3977024666771442,-0.034292982937849,0.6109823299513373,0.3826686879411494,red,33
39,Santhosh Nagar,87.05480033290863,red,4.3973600320363895,0.2022350881917328,0.7168471790702401,0.0024826504834634,0.1373733267516478,5.31466049382716,0.460288160795775,0.2813150057281023,0.922589776701004,0.5247764019650278,0.5640811238626593,0.7699272367746438,1.3346704870049515,red,3
40,Riyasat Nagar,48.76797889121786,yellow,1.286694704537116,0.1314289888953828,0.6863666890530558,0.0750903450701973,0.1245003038152803,5.012664315485733,0.2433975731620271,-0.2404026969378297,0.5828903190297725,0.052787458523122,0.2015207551308526,0.4798387634904589,0.2100601053007396,red,34
41,Kanchanbagh,27.99700389247989,green,-0.4008716515608731,0.1683983601922533,0.6274676222809003,0.1146108386772286,0.1105243304413428,4.383629599007855,0.2339886929373048,0.0319972185169306,-0.0735289520699618,-0.204116938842132,-0.1921034996295052,-0.1243931229790316,0.161273643442827,yellow,71
42,Barkas,26.331065316798163,green,-0.5362231163725689,0.14187832250443,0.619080828509659,0.0715182369760791,0.1144779970709254,4.495688979463866,0.1673379714390333,-0.1634092969471733,-0.1669982268120976,0.0760080763212689,-0.0807510350102992,-0.0167522423156204,-0.1843203916086471,yellow,77
43,Chandrayangutta,100.0,red,5.449110536405185,0.2840533945744222,0.7061624552500783,0.0673594939348649,0.1524625490945744,6.637674472257469,0.3241069316299976,0.8841735061425502,0.8035104940178988,0.1030421357999692,0.9890593161311014,2.0407747926751063,0.6285502916385597,red,1
44,Uppuguda,84.1984381574891,red,4.165290968915293,0.2590331353721485,0.6721221388636689,0.0047785157929946,0.1390548095761456,5.968059318408669,0.303650805217518,0.6998177475166931,0.4241374259044557,0.5098520465244883,0.6114390005540646,1.3975625549085002,0.5224821935070907,red,5
45,Jangammet,88.0909551475325,red,4.481543851282931,0.221070653337002,0.715036557125387,0.0025498920198787,0.1489345094059792,5.855118829981718,0.2908144631117604,0.4201003345862181,0.9024107279925532,0.5243392959267669,0.8896943591415624,1.2890753083490292,0.4559238252868013,red,2
46,Falaknuma,64.54543818387911,red,2.568556027302103,0.1886042402826855,0.6531638364481548,0.0628023906650223,0.1408784745280334,5.8970629370629375,0.212527352297593,0.180879383272291,0.2128506308008823,0.1326657503456602,0.6628013449441899,1.3293655598789778,0.0499933580601016,red,17
47,Nawab Saheb Kunta,71.59068518021434,red,3.1409567837489285,0.1505576208178438,0.7088934484222442,0.0032545634639874,0.1435545493137116,5.5799447295696805,0.2267590229675537,-0.0994579760606124,0.8339469108525882,0.5197585537303424,0.738171261229227,1.024751318839369,0.1237867151580139,red,10
48,Shalibanda,86.03085311821755,red,4.314168035992011,0.1764945609580237,0.730487902901696,0.0083058703748358,0.1453259384293867,5.780238500851789,0.3293567949100308,0.0916521254503175,1.0746131360753506,0.4869223505507453,0.7880612904881895,1.2171475095417204,0.6557716238856874,red,4
49,Ghansi Bazar,44.152681396066775,yellow,0.9117185285668726,0.1192765713557918,0.6655871825464462,0.0104539514800294,0.1078347821146525,5.5054738817641535,0.1512062521236833,-0.3299448610112487,0.3513065391433117,0.4729586716729271,-0.2678528894866482,0.9532168555136102,-0.2679657872650795,red,44
50,Begum Bazar,40.19052230093796,yellow,0.5898074778408808,0.1373733652606373,0.6604278948227993,0.0706843050792094,0.1133431324514127,5.241397021058038,0.16900731050404,-0.1966029902475595,0.2938072259529852,0.0814290807636541,-0.1127137633410949,0.6995525417046146,-0.1756646169917184,yellow,51
51,Goshamahal,45.8591722706365,yellow,1.0503647205288331,0.1362055885699835,0.6058663830501834,0.0200957205631279,0.1145568025973299,5.315233561440047,0.2930691663116034,-0.2052074717587468,-0.3142707920982574,0.4102820031966087,-0.0785315283060434,0.7704777083396285,0.4676148011556438,red,38
52,Puranapool,43.26058431959793,yellow,0.8392388778661398,0.2003219600298401,0.6396371249127704,0.1002442428471737,0.1113398464759246,4.997384481255449,0.2654918667699458,0.2672185812753065,0.0620979175060929,-0.1107263632939114,-0.1691350177378622,0.4651614129086012,0.3246223472079128,red,49
53,Doodh Bowli,35.17870899961121,yellow,0.1826158312822917,0.1906347253383513,0.6808449443947335,0.2090310622523327,0.1168988878946695,4.959112519809826,0.1773305296885951,0.19584052375407,0.5213514899370127,-0.8178990154996714,-0.0125682100394468,0.4283985143635731,-0.132507471233246,yellow,58
54,Jahanuma,64.24801600179609,red,2.544391554133604,0.2004281664062952,0.680962473507044,0.0265303578107467,0.1381124548061339,5.355187608492456,0.2012504884720594,0.2680011374008842,0.522661330287018,0.3684534111552023,0.5848981876789152,0.8088563678796641,-0.0084788802680795,red,18
55,Ramnaspura,71.18246414213033,red,3.1077903055376845,0.1965072133637053,0.7121771217712177,0.0301699495868197,0.1444051764461306,5.570642733063115,0.1788551823763091,0.2391105385122311,0.870542846652403,0.3447941132429613,0.7621286244925097,1.0158160999240042,-0.1246019172864248,red,11
56,Kishanbagh,77.04853536541036,red,3.584387308783004,0.2352570359524971,0.6952776848149649,0.00859563524915,0.133813608581544,5.533970172531435,0.2893063583815028,0.52462928083305,0.682201728587971,0.485038723510215,0.463823962921227,0.9805895379374164,0.448104074993124,red,7
57,Suleman Nagar,76.99644479285818,red,3.580155138761409,0.2935980409305579,0.6785068337342208,0.031008185564319,0.147209636217859,5.382476916900843,0.2250318988516413,0.9545009358296502,0.495293676466701,0.3393451299688501,0.8411144209101369,0.835069659241982,0.1148313163440887,red,8
58,Shastripuram,28.689210718459677,green,-0.3446323584580781,0.272225167903853,0.5535120253890567,0.0912132451344013,0.1346308262914388,4.274413663479611,0.1162113556564186,0.7970200644686432,-0.897750483342843,-0.0520200361898896,0.4868403713979475,-0.229302675708117,-0.4494195990838192,yellow,68
59,Mailardevpally,20.58951540177557,green,-1.002703215117963,0.1706033606410333,0.6470021037868162,0.1951086956521738,0.1204593267882187,4.3528693528693525,0.1254531909610131,0.0482442336744817,0.1441792530706767,-0.7273961681193541,0.0877092496118854,-0.1539404930456674,-0.401499290309985,yellow,94
60,Rajendra Nagar,73.65513744553293,red,3.308686039931348,0.2832579504056599,0.6551326930556802,0.0415582084193518,0.1499715764593244,5.109378582893831,0.2864269292499891,0.8783124672144096,0.2347931757347645,0.2707643250145403,0.918902682246324,0.572739588697243,0.4331738010240658,red,9
61,Attapur,52.62897178556625,yellow,1.60038636850723,0.2073319539498116,0.6592250331671166,0.0400292785580309,0.1377007182396267,4.836061946902655,0.1714324070345012,0.3188700344689468,0.2804015539359482,0.2807031888491384,0.5733018934665054,0.310199823812499,-0.1630901260258079,red,30
62,Ziaguda,44.16434789047906,yellow,0.9126663889087672,0.2700206043956044,0.6448892320484647,0.2184177703866484,0.1352378689790342,4.769012887692961,0.2299715671516976,0.780776268802245,0.1206316859796546,-0.8789176510579292,0.503937336247499,0.2457945080628034,0.1404442408744942,red,43
63,Mangalhat,79.11473297610773,red,3.7522583679448767,0.2795509786363055,0.6946860944275365,0.022165961916561,0.1578550459209782,5.11207490017899,0.2245942131263232,0.8509985378414532,0.6756085624787764,0.3968243244390304,1.1409355030555184,0.5753295902298354,0.1125618499002626,red,6
64,Dattatreya Nagar,55.05533946935907,yellow,1.7975199393165422,0.2586113956120963,0.6554915190703776,0.0392418704901132,0.1307749976572017,4.63603779732812,0.2182930975858551,0.6967102595894678,0.2387922257015567,0.2858217634595766,0.3782434506664344,0.1180626236375904,0.0798896162619159,red,26
65,Karwan,51.13889312976245,yellow,1.4793228841196644,0.2190211920890121,0.6553286911365513,0.078980290334002,0.1323262126755576,4.767075503544503,0.2306533351595671,0.4049993725980572,0.2369775383135479,0.0275007287135588,0.4219324188145893,0.2439335149440239,0.1439793107358873,red,32
66,Langar Houz,59.1014035978671,yellow,2.1262479695751093,0.1866068692721245,0.6829103541445527,0.0159944031651065,0.1339621731158931,5.104297500307844,0.1918746195982958,0.1661622356627331,0.5443701018913116,0.4369427652057872,0.4680081869857933,0.5678588531260347,-0.0570941732965505,red,22
67,Golconda,21.117158900647134,green,-0.9598340952637634,0.1377596111356606,0.6010863153755407,0.0937377113645299,0.11010617381046,4.539045069165551,0.173741605569589,-0.1937570304703105,-0.3675437675587057,-0.0684304201787357,-0.203880610804551,0.024894317379962,-0.1511165836314223,yellow,91
68,Tolichowki,41.52822852989487,yellow,0.6984912553942966,0.1917834443678688,0.6370143489696042,0.046892166328195,0.1304724173519326,4.412987585396312,0.1935705769054388,0.2043045834755383,0.0328675617938193,0.236090738804595,0.3697214719834447,-0.0961927215802529,-0.0483003790828479,red,50
69,Nanal Nagar,39.61177580373081,yellow,0.5427864247870073,0.1799965401914427,0.6515413317306489,0.1285903889014098,0.1314451706608569,4.561165048543689,0.2187567373338124,0.1174556166551683,0.1947681140075159,-0.2949915104376044,0.3971184400547372,0.0461421062828634,0.0822936582243267,yellow,53
70,Mehdipatnam,69.63442081219291,red,2.982017401687817,0.1476160694577294,0.7120259614027937,0.0133569536112373,0.1477260256792136,5.1288091983597335,0.2671348467526811,-0.1211320893520341,0.8688581921358232,0.454087601374976,0.8556581962489512,0.5914040552690784,0.3331414460110221,red,12
71,Gudimalkapur,51.82546600577277,yellow,1.535104439228891,0.1731571787600009,0.6106123272470493,0.0149500655704629,0.1249672147684858,5.301069518716577,0.2634715025906736,0.067061427889318,-0.2613781165243296,0.4437315194927544,0.2146710002749725,0.7568721536211905,0.3141464544749849,red,31
72,Asif Nagar,55.79434621190427,yellow,1.8575615558378955,0.1725465943271582,0.6946856122673579,0.0304971997358701,0.1300105162757709,4.952040692745549,0.2025793015059276,0.0625624834374707,0.6756031888922274,0.3426668118189091,0.3567123267874337,0.4216055293408076,-0.0015887844389531,red,25
73,Vijay Nagar Colony,24.26258956311994,green,-0.7042792663859359,0.0809174442624119,0.6552868658131816,0.0523470839260312,0.1124387545440177,4.476439790575916,0.1343420449335167,-0.6125848575978179,0.2365114027738107,0.2006308497636368,-0.1381849824322772,-0.0352424359569163,-0.3554092429363717,yellow,80
74,Ahmed Nagar,28.007367427191166,green,-0.4000296519672064,0.142944144771185,0.6505203698688435,0.1168027237203543,0.1106124501876426,4.490444753300904,0.2032547326469611,-0.1555560420724159,0.1833896817525636,-0.2183653668019978,-0.1896216639434408,-0.021789688714862,0.0019134278129465,yellow,70
75,Red Hills,44.93343295987682,yellow,0.9751517603548258,0.1849337639227575,0.6772111965125617,0.0924630033268325,0.1296891132270276,4.78430296377607,0.1628609506885828,0.1538343615408091,0.4808540378228294,-0.0601441344987655,0.3476602177031944,0.260481696661374,-0.2075344188746156,red,41
76,Mallepally,33.97705489011329,yellow,0.0849857948021161,0.1061153319217835,0.6832111436950147,0.045307917888563,0.1170454545454545,4.867951463240543,0.0843554732700763,-0.4269202864334061,0.5477223461336942,0.2463892030572806,-0.0084402550738524,0.3408319369704682,-0.6145971498520686,yellow,63
77,Jambagh,43.44741579462619,yellow,0.8544182573385526,0.2021128330917605,0.6131428011177018,0.0796852786901318,0.1206431687827834,4.9470110343155085,0.2558448964075271,0.2804141984455292,-0.2331764504412954,0.0229179264190848,0.092887040536926,0.4167741902718017,0.2746013521065062,red,48
78,Gunfoundry,6.960032118674664,green,-2.1100492805269564,0.1211303537261443,0.6236048231655386,0.1320991528082836,0.0863328701420951,4.507779349363508,0.1101583899011551,-0.3162857117414235,-0.116579138068989,-0.3178003570566657,-0.8734403394387149,-0.0051385955307825,-0.4808051386903804,green,142
79,Himayath Nagar,20.974928100883787,green,-0.9713898316938596,0.0908673703533732,0.6569865992899863,0.0315668276457606,0.0940288483065212,4.577891654465593,0.1201864801864801,-0.5392712217181513,0.2554546198917325,0.3357136569234301,-0.6566880898048294,0.0622091823689243,-0.4288079793549659,yellow,93
80,Kachiguda,19.42849792452408,green,-1.0970316726684837,0.0959046137895284,0.598428904197849,0.0645289190662634,0.0917628983496059,4.523483914359376,0.2783708731872878,-0.5021555057078584,-0.3971601265923827,0.1214423900590892,-0.720507105429052,0.0099467386885568,0.3914019363131635,yellow,100
81,Nallakunta,7.769430090742621,green,-2.0442886320047364,0.0938041594454072,0.57269316835593,0.0777609582730024,0.0885876003685665,4.397048184054406,0.2112437427801309,-0.5176321980530062,-0.6839801712616498,0.0354270408551536,-0.8099373202690077,-0.1115036325518142,0.0433376492755882,green,139
82,Golnaka,30.01774766250485,yellow,-0.2366935520351685,0.1492939205361416,0.6462218649517685,0.0737138263665594,0.1043944265809217,4.544015585048094,0.2048019389532682,-0.1087692474677346,0.1354836346941243,0.0617355681175117,-0.3647482789412971,0.029668845891285,0.0099359256709421,yellow,66
83,Amberpet,34.01718722014084,yellow,0.0882464010062273,0.1898928024502296,0.6312308497122786,0.0686794708915625,0.1215903146252148,4.380032733224223,0.1726618705035971,0.1903738435020472,-0.0315884741835495,0.0944615778755589,0.1195627908693975,-0.1278481643954908,-0.156715172661736,yellow,62
84,Bagh Amberpet,46.90842388010578,yellow,1.135612606837955,0.1899753674130248,0.675934803451582,0.0734180249280919,0.1339645254074784,4.426055590918735,0.2086538461538461,0.1909822035605484,0.4666288718118605,0.0636584360615434,0.4680744377575634,-0.0836399873314666,0.0299086449779054,red,36
85,Adikmet,21.31739578000518,green,-0.9435655753278804,0.1402856495125821,0.6210827358414566,0.1023120921614436,0.1116168532989607,4.307078417765441,0.1758265121717869,-0.1751445245993448,-0.1446873376322874,-0.1241684925144368,-0.161333299648984,-0.1979258922235707,-0.1403060287092566,yellow,89
86,Musheerabad,11.418124454267833,green,-1.7478454533892098,0.1197564543549598,0.5622497204083842,0.0614740791514845,0.087521194848299,4.075124963246104,0.2989945607384209,-0.3264089586191891,-0.8003704787008988,0.141300487358106,-0.8399719423276346,-0.4207334252991525,0.4983388641995597,green,131
87,Ramnagar,2.7051762558043446,green,-2.455740881651242,0.0927252547674299,0.5950016906950294,0.0914512311333803,0.0860102671298146,4.033101909248698,0.1840607210626186,-0.5255818475264777,-0.4353557910182161,-0.053567072779488,-0.8825262447202143,-0.4610995108694947,-0.0976104147373505,green,148
88,Bholakpur,2.762742622896244,green,-2.4510638231909154,0.1221412942481191,0.5674587964737448,0.1336308383069593,0.0865958495318403,4.054390054390054,0.2481169694284448,-0.3088368397953907,-0.7423162835953229,-0.3277571340115053,-0.8660336949398901,-0.4406507569911382,0.2345308861423312,green,147
89,Gandhinagar,12.619273413964455,green,-1.6502564584975747,0.1119127785794452,0.5940168474498039,0.0811793214862681,0.1003634894991922,4.071890050510984,0.2162296596319192,-0.3842031959338387,-0.4463316879314768,0.0132058472128928,-0.478277015890705,-0.4238407854707031,0.0691903795162559,green,127
90,Kavadiguda,16.19239365863485,green,-1.3599534028362616,0.1241374862965112,0.6184990973953408,0.1291727556663514,0.1113212412963122,4.246653687028474,0.1704972209704071,-0.2941283790848485,-0.173481513135019,-0.2987772066457675,-0.1696590205935975,-0.2559680766788895,-0.1679392066981393,green,116
91,Khairatabad,36.111745370154594,yellow,0.2584216510880758,0.1525342301225077,0.6326954196862028,0.0573066910574825,0.121297403785267,4.5235518777848505,0.2161670338090221,-0.0848938060845024,-0.0152661110724864,0.1683907443149735,0.1113131464259764,0.010012022317122,0.0688656551869926,yellow,55
92,Venkateshwara Colony,46.39473156432174,yellow,1.0938769699910624,0.2005161946999164,0.666750796605357,0.076978893901631,0.1321260687131274,4.523619237904952,0.2017419293761242,0.2686497526977873,0.3642748039096508,0.0405108785730171,0.4162954935036626,0.0100767264286368,-0.0059306851216923,red,37
93,Banjara Hills,8.24107584819368,green,-2.005969125466448,0.1129561210511022,0.5639830030459143,0.0992366412213738,0.0941601173241078,4.04825696453037,0.2714100905562742,-0.3765155780193364,-0.7810533623544098,-0.1041764125004243,-0.6529909827885119,-0.446542019204063,0.3553092294002969,green,138
94,Shaikpet,17.406634351778855,green,-1.261300752102272,0.1883602807180799,0.61522484162426,0.153563886869526,0.1071762384463599,4.084700226244344,0.1883940620782726,0.1790818259311264,-0.2099724917605581,-0.4573326367756575,-0.2864003461627057,-0.4115357147860293,-0.0751413885484478,green,111
95,Jubilee Hills,10.16211106582204,green,-1.8498919840541663,0.1459147903465012,0.5644233710614867,0.1226063016212908,0.0924441725298256,4.11298439859084,0.2803567666268698,-0.1336675550580127,-0.7761455417786466,-0.2560917347473904,-0.701319458579602,-0.3843667869566656,0.4016990930661507,green,132
96,Yousufguda,39.82214631865089,yellow,0.5598782658448155,0.1930679342444048,0.6074805339265851,0.071607341490545,0.1224624582869855,4.612473945807279,0.2660290471130003,0.2137690380090269,-0.2962813773282171,0.0754288492038396,0.1441261532716643,0.0954278944502304,0.3274077082382712,yellow,52
97,Somajiguda,5.713789420896817,green,-2.211301978025773,0.0997011766170702,0.6119060927892678,0.1223588596981553,0.1021240916713247,4.091013034530071,0.1254500936194728,-0.4741814461833833,-0.2469593374037323,-0.2544832295809793,-0.4286907939229762,-0.4054718204420691,-0.4015153504926325,green,144
98,Ameerpet,9.527142865662022,green,-1.9014808464858648,0.1120553195034574,0.5836501185592231,0.0744853024201136,0.0964658060145282,3.977990717173229,0.2200325438437895,-0.3831529174387575,-0.561866975584975,0.0567205601423886,-0.5880527514257821,-0.5140376694178773,0.0889089072391385,green,135
99,Vengal Rao Nagar,5.107012579321559,green,-2.260600394858108,0.0945530362262183,0.5820688997041702,0.0374081496325985,0.0845977669624964,3.839164682176223,0.2227423221828975,-0.5121142797162056,-0.5794893690313458,0.2977419321831802,-0.9223083987665534,-0.6473897958108422,0.1029595162836589,green,145
100,Sanath Nagar,14.7939148502979,green,-1.473574731965435,0.1390284757118928,0.5779806884970613,0.1304051217464314,0.1071316120906801,4.070490227491189,0.2714498880875404,-0.1844077072017687,-0.6250517313528631,-0.3067882468995767,-0.2876572186199694,-0.4251854134885491,0.3555155855972919,green,120
101,Erragadda,19.20446431665971,green,-1.1152335904547277,0.0914258265951484,0.6419577939350949,0.0548324170952296,0.1139563752438375,4.187583543739789,0.1171867261020307,-0.5351563712971592,0.0879613471252895,0.1844748516520344,-0.095442176547324,-0.3127090850499284,-0.44436215633764,green,103
102,Rahmath Nagar,36.56663934247633,yellow,0.2953801358644797,0.1807523869107526,0.6177058068198031,0.0631568935178578,0.1258144290673895,4.303520261972984,0.2389749331342912,0.1230248913064313,-0.1823225907598839,0.130361291735463,0.2385322432886563,-0.2013437499832604,0.1871280502770735,yellow,54
103,Borabanda,18.068262967223465,green,-1.207545827659685,0.1149595154340903,0.5777679083624789,0.057791594959196,0.1109569014970669,4.011804008908686,0.2564754349826883,-0.3617540486396169,-0.6274231268350253,0.1652386089725241,-0.1799204154975759,-0.4815576352991615,0.27787078963917,green,106
104,Kondapur,7.067330747307282,green,-2.1013316562581457,0.098234511524217,0.600631901241002,0.0570991172925962,0.0941337415719357,3.9491896063802416,0.1608351684201941,-0.4849882149565239,-0.3726081295480937,0.1697400850774447,-0.6537338387967983,-0.5417031528180702,-0.2180384052161041,green,141
105,Gachibowli,33.89004956015616,yellow,0.0779169274212751,0.2026163222833358,0.5942726628792807,0.104355493878023,0.1248102693091634,4.394980940279543,0.2564933908148359,0.284124037385341,-0.4434806719993766,-0.1374516992423901,0.2102507328767105,-0.11348936493376,0.2779638933347504,yellow,64
106,Serilingampally,20.062343353707377,green,-1.045534031304936,0.1343898243236199,0.5786457129651028,0.0803790154841691,0.1133348740466836,4.095211054325194,0.2581724440544098,-0.2185864936312964,-0.617640155915446,0.018408265310739,-0.11294635597132,-0.4014393285083223,0.2866700374107098,yellow,97
107,Madhapur,43.47608434217619,yellow,0.8567474728099747,0.2572187639381775,0.587607939703509,0.0854533051594761,0.1420228607557027,4.334559353815087,0.2374324215282821,0.6864489882470683,-0.5177577865425528,-0.0145773381600522,0.6950322432130988,-0.1715285290951888,0.1791298951476013,red,47
108,Miyapur,44.036763958648685,yellow,0.9023006573555432,0.2107209394230226,0.6343234323432343,0.0965407651876298,0.1339445055616673,4.435107882467744,0.2510362347907474,0.3438409583444694,0.0028777906943063,-0.086651772886682,0.4675105917429074,-0.0749446275106997,0.2496677169712416,red,45
109,Hafeezpet,15.891136890618789,green,-1.3844294221989353,0.2178522420432915,0.5474183557454816,0.1060885247187046,0.1143215587877837,4.125010107544271,0.1626819126819126,0.3963862455024367,-0.9656633112528632,-0.1487173288716085,-0.0851570181193163,-0.3728152515378412,-0.2084627579197425,green,118
110,Chandanagar,45.39580629905416,yellow,1.0127179165511422,0.1399081235099145,0.6544056889601122,0.0554122743320729,0.1387935999198738,4.888249694002448,0.1679466743950152,-0.1779262340956417,0.2266908487429743,0.1807054687219941,0.6040821994544036,0.3603298087794088,-0.1811641750519967,red,39
111,Bharati Nagar,27.75373575427334,green,-0.4206363051494944,0.1730620276748519,0.6335316507150511,0.1377443553453308,0.1173829496323121,4.592837746096402,0.1635071090047393,0.0663603300171934,-0.0059464699896992,-0.3544972002237988,0.0010650758605463,0.0765659498173027,-0.2041839906310388,yellow,72
112,Ramachandrapuram,35.53806010277442,yellow,0.2118118045941744,0.2301070727647628,0.5918124134376912,0.0906260400897562,0.1356545452593379,4.134638433879345,0.2206528314789973,0.4866830164600688,-0.4708996997306476,-0.0482028885696092,0.5156727543055154,-0.3635665699745079,0.0921251921033549,yellow,57
113,Patancheruvu,21.88147546394043,green,-0.8977361476373004,0.1731586557420146,0.5994456082979919,0.095830565632824,0.1253768330693372,4.039838992672102,0.1510986382625889,0.0670723106758395,-0.3858291463084064,-0.0820350950068289,0.2262076349046242,-0.4546280705505578,-0.2685237813519711,yellow,86
114,KPHB Colony,19.96869435148323,green,-1.0531426729524858,0.129977470752694,0.6040490372793144,0.0621202535423107,0.1204564716555453,4.003488649940262,0.1637925836599336,-0.2510978590539064,-0.3345247766115398,0.1371000073712232,0.0876288366459506,-0.4895451197806134,-0.2027037615236,yellow,98
115,Balaji Nagar,27.046318929516605,green,-0.4781113554670492,0.1780983840150264,0.6393919101827974,0.1315913203299756,0.1200934646017068,4.160955655679393,0.1902410114579217,0.1034695096742389,0.0593650444211179,-0.3144991736731916,0.0774049776547488,-0.3382870358592578,-0.0655646776847053,yellow,73
116,Allapur,35.98419951051559,yellow,0.2480590127622652,0.1853256800598951,0.6497675926926819,0.1107339747054372,0.1337152740244298,4.179542784855878,0.1941358024691358,0.1567221012798585,0.1750001185157122,-0.1789152444441922,0.4610544336923385,-0.3204327969243318,-0.04536959935712,yellow,56
117,Moosapet,6.384451177722012,green,-2.1568131436206213,0.0762014323212028,0.5765673175745119,0.04663954952738,0.1066108883516929,3.7149386964938698,0.1956789279365513,-0.6473336566442807,-0.6408034904488504,0.2377328834504343,-0.3023230660862429,-0.7667175526279334,-0.0373682612637483,green,143
118,Fateh Nagar,34.73595281677105,yellow,0.1466434978621788,0.2249447108541898,0.607760931158588,0.0561298721188451,0.1257178957041121,4.215300193673338,0.176924203231002,0.4486453950816932,-0.2931564017261122,0.1760406983677961,0.235813443519729,-0.2860853022327656,-0.1346143351481616,yellow,59
119,Old Bowenpally,34.7194404275402,yellow,0.1453019261484549,0.1705471317700997,0.6197215083965816,0.0457538994800691,0.134476782406024,4.140601801445115,0.1815124465677646,0.0478299247708914,-0.1598579672557131,0.2434900835993828,0.4825018249529557,-0.3578383379078394,-0.1108236020112223,yellow,60
120,Balanagar,29.78165210311819,green,-0.2558754596186723,0.2181436811746198,0.6120174993353154,0.1172503806830541,0.1242356125975878,4.3159816398915085,0.1658360328930974,0.3985336446046967,-0.2457177319291467,-0.2212753770709052,0.1940658981045706,-0.1893737240204981,-0.1921081693073895,yellow,67
121,Kukatpally,25.66790810753259,green,-0.590102233516969,0.1451222618441161,0.6397377455118465,0.0887500703472338,0.1162136304800495,4.303984498001696,0.1556275872842302,-0.1395071106001288,0.0632193155845832,-0.0360080794417084,-0.031868042110666,-0.2008978187746207,-0.245040498174428,yellow,78
122,Vivekananda Nagar Colony,17.80929141732565,green,-1.2285863264721222,0.1961663743422701,0.5835720897430247,0.1161678494291884,0.1204213866972274,4.02430155210643,0.1440063508864779,0.236599148208158,-0.5627365923965945,-0.2142383435214573,0.0866406914769766,-0.4695528700536291,-0.305298360185576,green,108
123,Hydernagar,19.3376703234939,green,-1.1044110857058078,0.1552673416450506,0.5924258083567104,0.0840248043702937,0.1177469363649785,4.0031916779951535,0.1851838435066111,-0.0647555315736743,-0.4640635261254447,-0.0052913171394188,0.0113165268725843,-0.4898303821261107,-0.0917868556137434,green,101
124,Alwyn Colony,19.76845848874945,green,-1.0694111102913355,0.1496880420431304,0.6010550044053872,0.0581625530648906,0.1160161569004382,3.942482067938828,0.1695396529470816,-0.1058652579916749,-0.36789272256482,0.1628271823962561,-0.0374297578158707,-0.5481462131132401,-0.1729043412019857,yellow,99
125,Gajularamaram,44.819120029158114,yellow,0.9658642494912492,0.2657324432148513,0.6426438793369711,0.100981502453756,0.1440852465767528,4.436848115721356,0.1174013252664938,0.7491799851188276,0.0956076427984266,-0.1155189460185632,0.7531180065527052,-0.07327301162976,-0.4432494273303869,red,42
126,Jagathgirigutta,34.35870622053157,yellow,0.1159935806673953,0.2030323408938069,0.6342163666467044,0.0781519709726282,0.1356783034487617,4.20828700615225,0.120094380507536,0.2871893703987141,0.0016845631895687,0.0328852486660588,0.5163418883512217,-0.2928219598687046,-0.4292855300694633,yellow,61
127,Rangareddy Nagar,15.903728398729708,green,-1.3834064078502195,0.1566918776718184,0.5887028511262051,0.0949067861345665,0.1210438301298594,3.9201197798640335,0.1484790683666298,-0.0542591806853196,-0.5055552000264495,-0.0760300329836158,0.1041714083540646,-0.5696267564843028,-0.2821066460245963,green,117
128,Chintal,22.6982079591826,green,-0.8313795957187513,0.1631500249210832,0.6022614021418088,0.0925580299708263,0.127475673618787,3.9374286529680367,0.1755353075170843,-0.0066738768788947,-0.3544476415780255,-0.060761858633277,0.2853201221020172,-0.5530003720029295,-0.1418159687276415,yellow,83
129,Suraram,21.92585195322159,green,-0.8941307188927576,0.1920674375878093,0.597250547624443,0.0971938968200014,0.1263501775058539,3.953710616694042,0.1420198799699925,0.2063971191716497,-0.4102926939724899,-0.0908974786737362,0.2536212517023977,-0.5373604058772473,-0.3155985112433315,yellow,85
130,Subash Nagar,19.302317114008787,green,-1.1072834057057497,0.154699427480916,0.6012203126864781,0.0819310180212435,0.1244778613199665,3.9062937062937055,0.1452994650405895,-0.0689400704194545,-0.3660503921625363,0.0083194167133241,0.2008886767591734,-0.5829076681685446,-0.2985933684277115,green,102
131,Quthbullapur,21.53230215035172,green,-0.9261052124739468,0.1417260892734793,0.6337852856190265,0.0834852189375416,0.1240942431651478,3.9733286231564073,0.1202961883952415,-0.1645309908734069,-0.0031197556134427,-0.0017837225277062,0.1900843194337171,-0.5185159371332992,-0.4282391257598087,yellow,88
132,Jeedimetla,3.5435291292938405,green,-2.3876277524445046,0.1279334925394574,0.5976027122129923,0.202403714832013,0.1051464562880601,4.165238923838843,0.152252036415908,-0.2661584206200202,-0.4063678843754728,-0.7748177040141163,-0.3435678484188678,-0.3341726569029887,-0.2625432381130384,green,146
133,Macha Bolarum,17.505839258584594,green,-1.253240713365748,0.1543941594379244,0.606316524166812,0.1593962659221775,0.1109056011167335,4.2810188989318,0.2080489318322843,-0.0711893645292785,-0.3092540521079203,-0.4952462276489402,-0.181365257544521,-0.2229578845967482,0.0267720730616602,green,110
134,Alwal,1.8761500238512907,green,-2.523096255072647,0.1239972141254159,0.6281315605318405,0.2331000699790062,0.0957079542803825,4.100430416068867,0.1678584870154309,-0.2951619408200526,-0.0661294823224468,-0.974360470325746,-0.6093971555749931,-0.3964257661246682,-0.18162143990474,green,149
135,Venkatapuram,13.51242378072557,green,-1.577691231782208,0.1343587963465168,0.5969078831344424,0.1093018243097603,0.0968001097329179,4.0885274795705815,0.2436439648048223,-0.2188151158134736,-0.4141116267176901,-0.1696054990246077,-0.5786373033210974,-0.407859370004524,0.2113376830991849,green,121
136,Neredmet,26.47244201687729,green,-0.5247367724429175,0.1498134837594396,0.6126450903682628,0.061091532218953,0.1115942966148275,4.206882480957563,0.2282041651016234,-0.1049409708935062,-0.2387233452440453,0.1437872475221654,-0.1619685940749433,-0.294171104654753,0.131279994902165,yellow,76
137,Vinayak Nagar,8.644771782065238,green,-1.9731702955541983,0.1010187449062754,0.6073424960796975,0.0766903422193523,0.0945484733880638,4.0412286587638855,0.172429994361962,-0.4644732613266998,-0.2978197837547339,0.0423866192148635,-0.6420531853152136,-0.4532931989731949,-0.1579174853992195,green,136
138,Moula Ali,7.4954029904765616,green,-2.066552339659105,0.1355347683985123,0.5835068381302306,0.1269850989997958,0.094407021841192,4.045082982412683,0.2197118212115271,-0.2101502487545131,-0.5634638096252481,-0.2845562654006522,-0.6460370766859515,-0.4495908512515671,0.0872459120588273,green,140
139,East Anand Bagh,11.557507079625998,green,-1.7365211207956104,0.1173243712055507,0.6195538515162078,0.1544866581464697,0.1069284690755586,4.138644013463696,0.1808927571639436,-0.3443291780072336,-0.1617264723652346,-0.4633311448197729,-0.2933786103110889,-0.3597189303367337,-0.1140367849555466,green,130
140,Malkajgiri,13.273932289664684,green,-1.5970678001211736,0.1299645054921975,0.6413090798962731,0.1645056879483634,0.0987677689235486,4.052078539653321,0.2159894459102902,-0.2511933904556917,0.0807315484229966,-0.5284602102366603,-0.5232194542875028,-0.4428711287343682,0.067944835170053,green,123
141,Gautham Nagar,0.0,green,-2.675526637345807,0.1219157261585227,0.6313200165965266,0.1983284926797462,0.08354572935807,4.112370505789153,0.1548231511254019,-0.3104988839789917,-0.030594725651154,-0.7483265750933132,-0.9519383577642164,-0.3849564739738313,-0.2492116208843,green,150
142,Addagutta,17.955381103962143,green,-1.2167170694846374,0.1527771300657557,0.5727095354726224,0.0811988874590061,0.1098426667773672,4.308531568592381,0.1922665889439425,-0.0831040563083053,-0.6837977627550637,0.0130786578997961,-0.2113021160371455,-0.1965300391132638,-0.0550617531706552,green,107
143,Tarnaka,28.16093587267949,green,-0.3875527729579103,0.1408808279007724,0.6357873093837455,0.039465417785139,0.1151407847392769,4.262171372930867,0.1609952433223563,-0.1707590958799432,0.0191924311898714,0.2843685861869877,-0.0620840488162841,-0.2410622529130028,-0.2172083927255392,yellow,69
144,Mettuguda,21.6562832458312,green,-0.9160321983021972,0.1230607760175801,0.6468850541093887,0.080637613337233,0.10824802573852,4.234055727554179,0.1548082498136337,-0.3020618596570465,0.1428747559343016,0.0167272406185396,-0.2562141499779832,-0.2680692987886031,-0.2492888864314054,yellow,87
145,Seethaphalmandi,12.207832932801546,green,-1.6836845047779965,0.1637840084401675,0.5969589428431288,0.1534954845783201,0.0975215672696846,4.20618932038835,0.2109671415276684,-0.0020025218912352,-0.4135425756512595,-0.4568879852089189,-0.5583179182126068,-0.2948369339124878,0.0419034300985117,green,129
146,Boudha Nagar,13.14755833226356,green,-1.6073352256421258,0.166759434487365,0.5962901069518717,0.1468582887700534,0.099298128342246,4.330583297148647,0.1818859177084195,0.0199211888797705,-0.4209966286997177,-0.4137426539214934,-0.5082822241315573,-0.175347809903289,-0.1088870978658386,green,124
147,Bansilapet,17.53007251690914,green,-1.251271849051501,0.1132302911789129,0.6220969614863557,0.0621976001548286,0.0968889103928778,4.356201918010328,0.1733563792330836,-0.3744954214135846,-0.1333839792763599,0.1365972129204569,-0.5761362901419974,-0.150739330901249,-0.1531140402387667,green,109
148,Ramgopalpet,20.97904794778243,green,-0.971055109081231,0.181,0.5954876670693215,0.0933445037602773,0.1037680707633558,4.144876039731891,0.22912050862152,0.1248493687646721,-0.4299396736692167,-0.0658743599327681,-0.3823891856107375,-0.3537326327764924,0.1360313741433117,yellow,92
149,Begumpet,8.468095173322224,green,-1.987524628985456,0.1350420283863855,0.588143232753224,0.1042631776637034,0.0913985225992237,3.968695652173913,0.2276941784465724,-0.2137808849524261,-0.5117920439124032,-0.1368515943539583,-0.7307695128735615,-0.5229662301352268,0.1286356372421197,green,137
150,Monda Market,16.341814374920414,green,-1.3478135117756396,0.2151022864019254,0.6207069357209676,0.2673393024188159,0.111586262194307,4.272337996003426,0.2058486743592002,0.376123859155718,-0.1488755608875868,-1.1969338385549626,-0.1621948783347342,-0.2312964996449597,0.0153634064908859,green,115
