year,ward_id,ward_name,source_rows,source_districts,No_HH,TOT_P,TOT_M,TOT_F,P_06,M_06,F_06,P_SC,M_SC,F_SC,P_ST,M_ST,F_ST,P_LIT,M_LIT,F_LIT,P_ILL,M_ILL,F_ILL,TOT_WORK_P,TOT_WORK_M,TOT_WORK_F,MAINWORK_P,MAINWORK_M,MAINWORK_F,MAIN_CL_P,MAIN_CL_M,MAIN_CL_F,MAIN_AL_P,MAIN_AL_M,MAIN_AL_F,MAIN_HH_P,MAIN_HH_M,MAIN_HH_F,MAIN_OT_P,MAIN_OT_M,MAIN_OT_F,MARGWORK_P,MARGWORK_M,MARGWORK_F,MARG_CL_P,MARG_CL_M,MARG_CL_F,MARG_AL_P,MARG_AL_M,MARG_AL_F,MARG_HH_P,MARG_HH_M,MARG_HH_F,MARG_OT_P,MARG_OT_M,MARG_OT_F,MARGWORK_3_6_P,MARGWORK_3_6_M,MARGWORK_3_6_F,MARG_CL_3_6_P,MARG_CL_3_6_M,MARG_CL_3_6_F,MARG_AL_3_6_P,MARG_AL_3_6_M,MARG_AL_3_6_F,MARG_HH_3_6_P,MARG_HH_3_6_M,MARG_HH_3_6_F,MARG_OT_3_6_P,MARG_OT_3_6_M,MARG_OT_3_6_F,MARGWORK_0_3_P,MARGWORK_0_3_M,MARGWORK_0_3_F,MARG_CL_0_3_P,MARG_CL_0_3_M,MARG_CL_0_3_F,MARG_AL_0_3_P,MARG_AL_0_3_M,MARG_AL_0_3_F,MARG_HH_0_3_P,MARG_HH_0_3_M,MARG_HH_0_3_F,MARG_OT_0_3_P,MARG_OT_0_3_M,MARG_OT_0_3_F,NON_WORK_P,NON_WORK_M,NON_WORK_F,literacy_rate,work_participation_rate,non_worker_rate,sc_share,st_share,female_share,child_share,main_worker_share,marginal_worker_share,agri_main_worker_share,hh_industry_main_worker_share,other_main_worker_share
2011,1,GHMC (M Corp.) WARD NO.-0001,1,537,10899,44149,22411,21738,4553,2370,2183,3672,1855,1817,871,449,422,34890,18444,16446,9259,3967,5292,17074,12450,4624,13965,10609,3356,220,113,107,277,171,106,464,293,171,13004,10032,2972,3109,1841,1268,138,70,68,48,34,14,90,51,39,2833,1686,1147,2831,1646,1185,135,68,67,39,26,13,75,44,31,2582,1508,1074,278,195,83,3,2,1,9,8,1,15,7,8,251,178,73,27075,9961,17114,0.8811496110718254,0.3867358264060341,0.6132641735939659,0.08317289179822873,0.019728646175451312,0.49237808330879523,0.1031280436702983,0.316315205327414,0.07042062107862013,0.019835302542069458,0.03322592194772646,0.9311851056211958
2011,2,GHMC (M Corp.) WARD NO.-0002,2,537,14510,59164,30605,28559,7279,3786,3493,6078,3111,2967,2178,1156,1022,42478,23345,19133,16686,7260,9426,24260,17247,7013,20107,15173,4934,202,133,69,466,325,141,1226,957,269,18213,13758,4455,4153,2074,2079,121,63,58,182,87,95,361,180,181,3489,1744,1745,3792,1846,1946,115,59,56,148,67,81,276,117,159,3253,1603,1650,361,228,133,6,4,2,34,20,14,85,63,22,236,141,95,34904,13358,21546,0.8186951912884264,0.4100466499898587,0.5899533500101413,0.10273139071056724,0.03681292677979853,0.4827090798458522,0.12303089716719627,0.33985193698870936,0.07019471300114935,0.02317600835529915,0.060973790222310635,0.9058039488735267
2011,3,GHMC (M Corp.) (Part) WARD NO.-0003,1,537,14042,57747,29417,28330,6589,3425,3164,9686,4897,4789,1743,889,854,42132,22740,19392,15615,6677,8938,22517,16533,5984,18112,14068,4044,143,71,72,189,121,68,525,381,144,17255,13495,3760,4405,2465,1940,55,24,31,85,50,35,149,58,91,4116,2333,1783,3860,2128,1732,55,24,31,76,42,34,135,50,85,3594,2012,1582,545,337,208,0,0,0,9,8,1,14,8,6,522,321,201,35230,12884,22346,0.8235662066538958,0.38992501774983984,0.6100749822501602,0.16773165705577778,0.030183386149929867,0.49058825566696107,0.11410116542850711,0.31364399882244964,0.07628101892739017,0.010435070671378091,0.0289863074204947,0.9526833038869258
2011,4,GHMC (M Corp.) (Part) WARD NO.-0004,1,537,16611,67130,34145,32985,7682,3979,3703,6794,3473,3321,1561,763,798,50324,26868,23456,16806,7277,9529,26278,19055,7223,21575,16751,4824,378,242,136,426,290,136,636,482,154,20135,15737,4398,4703,2304,2399,194,89,105,303,168,135,351,121,230,3855,1926,1929,4427,2182,2245,192,87,105,296,165,131,306,96,210,3633,1834,1799,276,122,154,2,2,0,7,3,4,45,25,20,222,92,130,40852,15090,25762,0.8465213295653344,0.39144942648592285,0.6085505735140772,0.1012066140324743,0.023253388946819605,0.4913600476687025,0.11443467898108148,0.3213913302547296,0.0700580962311932,0.019745075318655853,0.02947856315179606,0.9332560834298957
2011,5,GHMC (M Corp.) (Part) WARD NO.-0005,1,537,14013,57688,29544,28144,6633,3451,3182,6498,3364,3134,1435,720,715,41412,22794,18618,16276,6750,9526,21767,15915,5852,18512,14194,4318,224,128,96,250,139,111,772,530,242,17266,13397,3869,3255,1721,1534,109,47,62,75,39,36,207,89,118,2864,1546,1318,2933,1536,1397,104,44,60,65,35,30,179,71,108,2585,1386,1199,322,185,137,5,3,2,10,4,6,28,18,10,279,160,119,35921,13629,22292,0.8111252570757027,0.3773228401053945,0.6226771598946055,0.11264041048398281,0.024875190680904175,0.4878657606434614,0.11498058521702954,0.32089862709748995,0.05642421300790459,0.013504753673292999,0.04170267934312878,0.9326923076923077
2011,6,GHMC (M Corp.) (Part) WARD NO.-0006,1,537,12750,52167,26057,26110,5453,2785,2668,3193,1591,1602,1277,697,580,39473,20755,18718,12694,5302,7392,19197,14301,4896,17006,13089,3917,279,199,80,137,85,52,217,128,89,16373,12677,3696,2191,1212,979,61,35,26,34,18,16,101,58,43,1995,1101,894,2118,1178,940,61,35,26,33,17,16,98,57,41,1926,1069,857,73,34,39,0,0,0,1,1,0,3,1,2,69,32,37,32970,11756,21214,0.84499293573661,0.36799125884179656,0.6320087411582035,0.06120727663082025,0.024479076811010792,0.5005079839745433,0.10452968351639925,0.32599152721068875,0.04199973163110779,0.008055980242267434,0.01276020228154769,0.962777843114195
2011,7,GHMC (M Corp.) (Part) WARD NO.-0007,1,537,14425,59061,30161,28900,6902,3609,3293,4320,2166,2154,1205,627,578,42229,22909,19320,16832,7252,9580,22846,16906,5940,19806,15561,4245,120,79,41,416,300,116,694,493,201,18576,14689,3887,3040,1345,1695,48,26,22,336,148,188,201,39,162,2455,1132,1323,2831,1263,1568,38,17,21,325,144,181,122,34,88,2346,1068,1278,209,82,127,10,9,1,11,4,7,79,5,74,109,64,45,36215,13255,22960,0.8096205832167028,0.3868204060208936,0.6131795939791064,0.07314471478640727,0.020402634564264065,0.48932459660351163,0.11686222718883865,0.3353481993193478,0.05147220670154586,0.021003736241542968,0.0350398869029587,0.9378976067858225
2011,8,GHMC (M Corp.) (Part) WARD NO.-0008,1,537,18366,75227,38377,36850,7226,3813,3413,5266,2637,2629,783,410,373,59411,31605,27806,15816,6772,9044,29125,21148,7977,24069,18303,5766,261,165,96,503,394,109,729,495,234,22576,17249,5327,5056,2845,2211,400,208,192,158,102,56,392,207,185,4106,2328,1778,4528,2512,2016,395,206,189,138,88,50,342,177,165,3653,2041,1612,528,333,195,5,2,3,20,14,6,50,30,20,453,287,166,46102,17229,28873,0.8736783282598786,0.3871615244526566,0.6128384755473434,0.07000146224095072,0.010408496949233653,0.48985071849203077,0.09605593736291491,0.31995161311763065,0.06720991133502599,0.020898250862104784,0.03028792222360713,0.9379700029083052
2011,9,GHMC (M Corp.) (Part) WARD NO.-0009,2,537,16118,68161,34810,33351,7862,4077,3785,5049,2560,2489,1693,897,796,49473,26769,22704,18688,8041,10647,24852,18671,6181,21605,17012,4593,364,234,130,353,171,182,1105,647,458,19783,15960,3823,3247,1659,1588,203,95,108,96,42,54,269,118,151,2679,1404,1275,2952,1464,1488,201,95,106,84,37,47,249,108,141,2418,1224,1194,295,195,100,2,0,2,12,5,7,20,10,10,261,180,81,43309,16139,27170,0.8204613675185326,0.36460732677044055,0.6353926732295594,0.07407461744986135,0.024838250612520357,0.48929739880576867,0.1153445518698376,0.3169701148750752,0.047637211895365385,0.01633881046054154,0.05114556815551956,0.9156676695209442
2011,10,GHMC (M Corp.) WARD NO.-0010,1,537,16304,68115,35052,33063,7441,3933,3508,5772,2914,2858,3056,1661,1395,50987,27599,23388,17128,7453,9675,24414,18894,5520,20944,16935,4009,143,100,43,560,329,231,486,327,159,19755,16179,3576,3470,1959,1511,88,39,49,175,92,83,110,44,66,3097,1784,1313,3318,1878,1440,88,39,49,153,80,73,103,43,60,2974,1716,1258,152,81,71,0,0,0,22,12,10,7,1,6,123,68,55,43701,16158,27543,0.8403434749645647,0.3584232547896939,0.641576745210306,0.08473904426337811,0.04486530132863539,0.4853996916978639,0.1092417235557513,0.3074799970637892,0.05094325772590472,0.026737967914438502,0.023204736440030557,0.9432295645530939
2011,11,GHMC (M Corp.) WARD NO.-0011,1,537,12332,50462,25680,24782,4775,2479,2296,2385,1230,1155,578,289,289,41928,22008,19920,8534,3672,4862,17879,13584,4295,16122,12681,3441,176,152,24,108,76,32,186,116,70,15652,12337,3315,1757,903,854,43,31,12,23,17,6,48,19,29,1643,836,807,1655,841,814,43,31,12,21,15,6,37,11,26,1554,784,770,102,62,40,0,0,0,2,2,0,11,8,3,89,52,37,32583,12096,20487,0.9177227657758225,0.3543062106139273,0.6456937893860727,0.04726328722603147,0.011454163528992112,0.4911022155285165,0.0946256589116563,0.3194879315128215,0.034818279101105784,0.006698920729438035,0.011537030145143283,0.9708472894181863
2011,12,GHMC (M Corp.) WARD NO.-0012,1,537,19401,81484,41850,39634,9741,5112,4629,6599,3324,3275,4094,2199,1895,58101,31852,26249,23383,9998,13385,28652,21880,6772,24472,19661,4811,347,301,46,480,339,141,349,233,116,23296,18788,4508,4180,2219,1961,91,58,33,217,74,143,157,78,79,3715,2009,1706,3424,2027,1397,80,53,27,200,66,134,120,70,50,3024,1838,1186,756,192,564,11,5,6,17,8,9,37,8,29,691,171,520,52832,19970,32862,0.8098490445060842,0.35162731333758773,0.6483726866624122,0.08098522409307349,0.050242992489323055,0.4864022384762653,0.11954494133817682,0.3003288989249423,0.051298414412645425,0.019614253023864006,0.014261196469434455,0.9519450800915332
2011,13,GHMC (M Corp.) WARD NO.-0013,1,537,13591,57789,29739,28050,6772,3517,3255,6319,3201,3118,1757,957,800,42166,22923,19243,15623,6816,8807,20641,16079,4562,17894,14324,3570,356,256,100,558,473,85,535,233,302,16445,13362,3083,2747,1755,992,82,42,40,76,41,35,171,48,123,2418,1624,794,2501,1606,895,81,41,40,64,38,26,142,40,102,2214,1487,727,246,149,97,1,1,0,12,3,9,29,8,21,204,137,67,37148,13660,23488,0.8265088107885606,0.3571787018290678,0.6428212981709321,0.10934606932115108,0.03040371004862517,0.4853864922390074,0.1171849313883265,0.3096437038190659,0.047534998010001904,0.031183636973287136,0.029898289929585337,0.9190231362467867
2011,14,GHMC (M Corp.) WARD NO.-0014,1,537,12394,51227,26325,24902,5589,2968,2621,2902,1490,1412,548,294,254,39108,20908,18200,12119,5417,6702,18722,14330,4392,16056,12599,3457,95,74,21,335,254,81,348,254,94,15278,12017,3261,2666,1731,935,60,32,28,45,30,15,73,32,41,2488,1637,851,1852,1057,795,57,29,28,30,19,11,48,19,29,1717,990,727,814,674,140,3,3,0,15,11,4,25,13,12,771,647,124,32505,11995,20510,0.8569174810464963,0.365471333476487,0.634528666523513,0.05664981357487263,0.010697483748804342,0.4861108399867258,0.10910262166435669,0.3134284654576688,0.0520428680188182,0.020864474339810663,0.021674140508221227,0.9515445939212755
2011,15,GHMC (M Corp.) WARD NO.-0015,1,537,13608,55245,27792,27453,5536,2838,2698,2770,1427,1343,817,444,373,43136,22557,20579,12109,5235,6874,21453,15544,5909,18665,14291,4374,194,135,59,148,92,56,426,323,103,17897,13741,4156,2788,1253,1535,100,47,53,151,71,80,347,81,266,2190,1054,1136,2633,1162,1471,99,46,53,128,61,67,317,63,254,2089,992,1097,155,91,64,1,1,0,23,10,13,30,18,12,101,62,39,33792,12248,21544,0.8677704238669054,0.3883247352701602,0.6116752647298398,0.050140284188614354,0.014788668657797086,0.4969318490361119,0.10020816363471807,0.337858629740248,0.05046610552991221,0.007929279399946424,0.022823466380926867,0.9588534690597375
2011,16,GHMC (M Corp.) WARD NO.-0016,1,537,8915,37079,18845,18234,3592,1905,1687,1217,625,592,380,196,184,30403,15903,14500,6676,2942,3734,13449,10339,3110,11871,9435,2436,133,103,30,81,55,26,145,93,52,11512,9184,2328,1578,904,674,66,22,44,48,30,18,90,71,19,1374,781,593,1371,739,632,65,22,43,39,24,15,38,27,11,1229,666,563,207,165,42,1,0,1,9,6,3,52,44,8,145,115,30,23630,8506,15124,0.9079045599784992,0.36271204725046524,0.6372879527495348,0.03282181288600016,0.010248388575743683,0.4917608349739745,0.09687424148439817,0.32015426521750856,0.04255778203295666,0.006823351023502654,0.012214640721084998,0.9697582343526241
2011,17,GHMC (M Corp.) (Part) WARD NO.-0017,2,537,8390,33864,17338,16526,2898,1517,1381,1087,549,538,212,118,94,28007,14857,13150,5857,2481,3376,12585,9318,3267,10575,8098,2477,108,74,34,135,66,69,150,87,63,10182,7871,2311,2010,1220,790,51,30,21,21,8,13,82,36,46,1856,1146,710,1896,1137,759,51,30,21,21,8,13,73,29,44,1751,1070,681,114,83,31,0,0,0,0,0,0,9,7,2,105,76,29,21279,8020,13259,0.9044435832848932,0.37163359319631467,0.6283664068036854,0.032098984171982044,0.006260335459484999,0.48801086699740137,0.08557760453579022,0.3122785258681786,0.05935506732813607,0.01276595744680851,0.014184397163120567,0.9628368794326241
2011,18,GHMC (M Corp.) (Part) WARD NO.-0018,1,536,5758,25242,13010,12232,2517,1352,1165,2580,1380,1200,181,103,78,20150,10716,9434,5092,2294,2798,9825,7144,2681,7052,5467,1585,104,76,28,147,81,66,159,100,59,6642,5210,1432,2773,1677,1096,57,26,31,42,21,21,255,127,128,2419,1503,916,2453,1522,931,56,25,31,38,19,19,104,51,53,2255,1427,828,320,155,165,1,1,0,4,2,2,151,76,75,164,76,88,15417,5866,9551,0.8866886688668867,0.38923223199429524,0.6107677680057048,0.10221060137865462,0.007170588701370731,0.48458917676887725,0.09971476111243166,0.27937564376832263,0.10985658822597258,0.020845150311968236,0.022546795235394216,0.9418604651162791
2011,19,GHMC (M Corp.) (Part) WARD NO.-0019,1,536,10382,45226,22908,22318,4803,2489,2314,3878,2004,1874,831,432,399,35572,18689,16883,9654,4219,5435,15602,11661,3941,12710,9819,2891,76,54,22,91,58,33,234,124,110,12309,9583,2726,2892,1842,1050,56,27,29,33,18,15,45,15,30,2758,1782,976,2754,1776,978,54,26,28,29,16,13,40,15,25,2631,1719,912,138,66,72,2,1,1,4,2,2,5,0,5,127,63,64,29624,11247,18377,0.8799940627860376,0.3449785521602618,0.6550214478397383,0.08574713660283907,0.018374386414894087,0.4934772033785875,0.10619997346659002,0.28103303409543184,0.06394551806482997,0.007159716758457908,0.018410700236034618,0.9684500393391031
2011,20,GHMC (M Corp.) (Part) WARD NO.-0020,1,536,10789,45484,23220,22264,5277,2743,2534,4334,2165,2169,2339,1235,1104,31586,17020,14566,13898,6200,7698,18315,12894,5421,16347,11943,4404,168,134,34,227,147,80,723,398,325,15229,11264,3965,1968,951,1017,74,42,32,58,25,33,149,54,95,1687,830,857,1835,901,934,73,41,32,57,25,32,131,50,81,1574,785,789,133,50,83,1,1,0,1,0,1,18,4,14,113,45,68,27169,10326,16843,0.7855845996965702,0.40266907044235334,0.5973309295576467,0.09528625450707941,0.05142467680942749,0.48949080995514904,0.11601881980476651,0.3594011080819629,0.04326796236039047,0.013886340001223466,0.04422829877041659,0.9316082461613752
2011,21,GHMC (M Corp.) (Part) WARD NO.-0021,1,536,11159,56751,29434,27317,7475,3940,3535,1843,925,918,608,318,290,41770,22325,19445,14981,7109,7872,18543,14220,4323,14059,11639,2420,195,136,59,161,106,55,264,187,77,13439,11210,2229,4484,2581,1903,171,68,103,123,57,66,352,149,203,3838,2307,1531,4148,2400,1748,168,67,101,84,41,43,270,108,162,3626,2184,1442,336,181,155,3,1,2,39,16,23,82,41,41,212,123,89,38208,15214,22994,0.8476743242146279,0.32674314109002484,0.6732568589099751,0.03247519867491322,0.010713467604095082,0.48134834628464696,0.13171574069179398,0.2477313175098236,0.07901182358020123,0.01145173909950921,0.0187780069706238,0.9559001351447471
2011,22,GHMC (M Corp.) (Part) WARD NO.-0022,1,536,9160,47220,24351,22869,6771,3505,3266,532,257,275,122,62,60,33218,17528,15690,14002,6823,7179,14106,11164,2942,10595,8872,1723,159,109,50,138,65,73,103,55,48,10195,8643,1552,3511,2292,1219,151,66,85,46,17,29,67,43,24,3247,2166,1081,3344,2174,1170,151,66,85,40,13,27,57,38,19,3096,2057,1039,167,118,49,0,0,0,6,4,2,10,5,5,151,109,42,33114,13187,19927,0.821231674454251,0.29872935196950445,0.7012706480304955,0.011266412537060568,0.002583650995340957,0.4843074968233799,0.14339263024142312,0.22437526471833968,0.07435408725116475,0.013025011798017933,0.009721566776781501,0.9622463426144408
2011,23,GHMC (M Corp.) (Part) WARD NO.-0023,1,536,6962,35196,17903,17293,4909,2536,2373,452,235,217,665,339,326,23501,12229,11272,11695,5674,6021,11234,8749,2485,8870,7387,1483,98,44,54,156,112,44,259,171,88,8357,7060,1297,2364,1362,1002,143,63,80,30,22,8,181,57,124,2010,1220,790,2197,1243,954,143,63,80,29,21,8,158,43,115,1867,1116,751,167,119,48,0,0,0,1,1,0,23,14,9,143,104,39,23962,9154,14808,0.7759434740977977,0.31918399818161153,0.6808160018183884,0.012842368450960337,0.018894192521877486,0.49133424252756,0.13947607682691215,0.2520172746903057,0.06716672349130583,0.01758737316798196,0.02919954904171364,0.9421645997745208
2011,24,GHMC (M Corp.) (Part) WARD NO.-0024,1,536,11725,60763,31814,28949,7755,4130,3625,1212,633,579,798,406,392,42006,22897,19109,18757,8917,9840,17814,13841,3973,12674,10563,2111,316,231,85,257,168,89,331,214,117,11770,9950,1820,5140,3278,1862,179,93,86,119,74,45,544,281,263,4298,2830,1468,4388,2680,1708,166,82,84,88,51,37,326,118,208,3808,2429,1379,752,598,154,13,11,2,31,23,8,218,163,55,490,401,89,42949,17973,24976,0.7924464231814066,0.29317183154222143,0.7068281684577786,0.019946348929447195,0.013132992116913253,0.47642479798561627,0.1276270098579728,0.20858087981172754,0.08459095173049389,0.02027773394350639,0.026116458892220293,0.928672873599495
2011,25,GHMC (M Corp.) (Part) WARD NO.-0025,1,536,4405,22589,11580,11009,3031,1522,1509,64,28,36,38,22,16,15559,8453,7106,7030,3127,3903,6913,5406,1507,5254,4411,843,124,65,59,73,55,18,85,58,27,4972,4233,739,1659,995,664,181,75,106,37,29,8,48,17,31,1393,874,519,1586,950,636,181,75,106,34,26,8,42,14,28,1329,835,494,73,45,28,0,0,0,3,3,0,6,3,3,64,39,25,15676,6174,9502,0.7955312404131302,0.30603391031032806,0.693966089689672,0.002833237416441631,0.0016822347160122184,0.48736110496259244,0.13418035326929037,0.23259108415600513,0.0734428261543229,0.013894175866006851,0.016178149980966883,0.9463266082984393
2011,26,GHMC (M Corp.) (Part) WARD NO.-0026,1,536,8833,43599,22334,21265,5333,2845,2488,3041,1582,1459,2192,1134,1058,30795,16563,14232,12804,5771,7033,13286,10362,2924,10533,8672,1861,193,88,105,130,59,71,206,118,88,10004,8407,1597,2753,1690,1063,269,121,148,43,28,15,94,40,54,2347,1501,846,2542,1533,1009,267,121,146,32,18,14,86,34,52,2157,1360,797,211,157,54,2,0,2,11,10,1,8,6,2,190,141,49,30313,11972,18341,0.8047614069931532,0.3047317599027501,0.69526824009725,0.06974930617674717,0.05027638248583683,0.48774054450790155,0.12231931925044152,0.24158810981903256,0.06314365008371751,0.012342162726668566,0.019557580936105573,0.9497768916737871
2011,27,GHMC (M Corp.) (Part) WARD NO.-0027,1,536,8768,42758,22040,20718,5842,3055,2787,3903,1969,1934,1135,606,529,28236,15462,12774,14522,6578,7944,14096,10595,3501,10266,8037,2229,170,88,82,180,107,73,294,216,78,9622,7626,1996,3830,2558,1272,202,88,114,72,51,21,124,65,59,3432,2354,1078,3617,2416,1201,202,88,114,68,49,19,97,50,47,3250,2229,1021,213,142,71,0,0,0,4,2,2,27,15,12,182,125,57,28662,11445,17217,0.7648716003900747,0.329669301651153,0.670330698348847,0.09128116375882876,0.026544740165583048,0.4845409046260349,0.1366294026848777,0.24009542073997847,0.08957388091117452,0.017533606078316773,0.02863822326125073,0.9372686538086888
2011,28,GHMC (M Corp.) (Part) WARD NO.-0028,1,536,9617,46256,23838,22418,6437,3366,3071,1784,903,881,291,167,124,32346,17422,14924,13910,6416,7494,15414,11914,3500,12392,10291,2101,157,82,75,88,62,26,436,341,95,11711,9806,1905,3022,1623,1399,235,101,134,42,27,15,182,53,129,2563,1442,1121,2810,1478,1332,234,100,134,38,23,15,172,49,123,2366,1306,1060,212,145,67,1,1,0,4,4,0,10,4,6,197,136,61,30842,11924,18918,0.8123257741279288,0.3332324455205811,0.6667675544794189,0.038567969560705635,0.006291075752334833,0.48465063991698376,0.13916032514700796,0.26790038049117954,0.06533206502940159,0.0071013557133634605,0.035183989670755325,0.9450451904454487
2011,29,GHMC (M Corp.) (Part) WARD NO.-0029,1,536,10269,54010,27701,26309,7082,3691,3391,140,74,66,2,1,1,39466,20724,18742,14544,6977,7567,15197,12416,2781,11818,10211,1607,208,120,88,206,147,59,222,172,50,11182,9772,1410,3379,2205,1174,308,139,169,65,45,20,67,30,37,2939,1991,948,3119,2004,1115,305,137,168,56,38,18,50,21,29,2708,1808,900,260,201,59,3,2,1,9,7,2,17,9,8,231,183,48,38813,15285,23528,0.8409904534606205,0.2813738196630254,0.7186261803369747,0.0025921125717459728,3.703017959637104e-05,0.4871134975004629,0.13112386595074987,0.2188113312349565,0.06256248842806887,0.017431037400575392,0.018784904383144355,0.9461837874428838
2011,30,GHMC (M Corp.) (Part) WARD NO.-0030,1,536,4733,22888,11663,11225,2702,1400,1302,1896,941,955,471,227,244,16993,9121,7872,5895,2542,3353,7393,5550,1843,5354,4303,1051,75,38,37,39,28,11,112,88,24,5128,4149,979,2039,1247,792,94,33,61,14,10,4,63,43,20,1868,1161,707,1972,1204,768,94,33,61,14,10,4,58,42,16,1806,1119,687,67,43,24,0,0,0,0,0,0,5,1,4,62,42,20,15495,6113,9382,0.8418210641038344,0.3230076896190143,0.6769923103809856,0.08283816847256203,0.020578469066759874,0.49043166724921355,0.11805312827682629,0.23392170569730864,0.08908598392170569,0.007284273440418379,0.020918939110945087,0.9577885692939858
2011,31,GHMC (M Corp.) (Part) WARD NO.-0031,1,536,5214,25280,13145,12135,3127,1662,1465,87,45,42,103,54,49,18926,10036,8890,6354,3109,3245,7634,5924,1710,4874,3934,940,79,43,36,195,147,48,140,49,91,4460,3695,765,2760,1990,770,87,55,32,56,40,16,68,28,40,2549,1867,682,2484,1766,718,87,55,32,48,32,16,58,21,37,2291,1658,633,276,224,52,0,0,0,8,8,0,10,7,3,258,209,49,17646,7221,10425,0.8543312418182639,0.3019778481012658,0.6980221518987342,0.0034414556962025318,0.004074367088607595,0.48002373417721517,0.12369462025316456,0.1928006329113924,0.10917721518987342,0.04000820681165367,0.028723840787853918,0.9150594993844892
2011,32,GHMC (M Corp.) (Part) WARD NO.-0032,1,536,8824,39521,20172,19349,4326,2249,2077,2048,1045,1003,282,150,132,31044,16337,14707,8477,3835,4642,13275,9741,3534,10875,8415,2460,248,192,56,153,107,46,106,59,47,10368,8057,2311,2400,1326,1074,165,76,89,45,26,19,37,16,21,2153,1208,945,2312,1280,1032,165,76,89,44,25,19,34,15,19,2069,1164,905,88,46,42,0,0,0,1,1,0,3,1,2,84,44,40,26246,10431,15815,0.8820571103849979,0.3358973710179398,0.6641026289820602,0.0518205510994155,0.007135446977556236,0.4895878140735305,0.10946079299612864,0.2751701626983123,0.06072720831962754,0.01406896551724138,0.00974712643678161,0.9533793103448276
2011,33,GHMC (M Corp.) (Part) WARD NO.-0033,1,536,5060,23269,12161,11108,2596,1418,1178,971,504,467,765,424,341,18433,9888,8545,4836,2273,2563,8934,6419,2515,6897,5269,1628,114,59,55,69,44,25,128,97,31,6586,5069,1517,2037,1150,887,151,65,86,15,8,7,49,26,23,1822,1051,771,1939,1105,834,151,65,86,14,7,7,45,24,21,1729,1009,720,98,45,53,0,0,0,1,1,0,4,2,2,93,42,51,14335,5742,8593,0.8916461084506361,0.3839443035798702,0.6160556964201298,0.04172933946452362,0.03287635910438781,0.4773733293222743,0.1115647427908376,0.2964029395332846,0.08754136404658558,0.010004349717268378,0.018558793678410904,0.954907930984486
2011,34,GHMC (M Corp.) (Part) WARD NO.-0034,1,536,9875,47127,24304,22823,5133,2735,2398,1572,805,767,290,159,131,34942,18804,16138,12185,5500,6685,15932,11818,4114,11987,9562,2425,323,195,128,453,341,112,242,141,101,10969,8885,2084,3945,2256,1689,411,183,228,115,74,41,142,57,85,3277,1942,1335,3791,2145,1646,408,183,225,113,72,41,134,57,77,3136,1833,1303,154,111,43,3,0,3,2,2,0,8,0,8,141,109,32,31195,12486,18709,0.8320712482735629,0.33806522800093364,0.6619347719990664,0.03335667451779235,0.0061535849937403185,0.4842871390073631,0.10891845438920364,0.2543552528274662,0.08370997517346744,0.037790940185200635,0.020188537582380914,0.9150746642195712
2011,35,GHMC (M Corp.) (Part) WARD NO.-0035,1,536,7882,40214,20350,19864,4495,2354,2141,1214,631,583,42,20,22,28897,15078,13819,11317,5272,6045,12835,9473,3362,9122,7325,1797,251,117,134,144,91,53,532,413,119,8195,6704,1491,3713,2148,1565,314,142,172,54,28,26,200,48,152,3145,1930,1215,3553,2030,1523,314,142,172,52,26,26,193,48,145,2994,1814,1180,160,118,42,0,0,0,2,2,0,7,0,7,151,116,35,27379,10877,16502,0.8090092107841765,0.31916745412045555,0.6808325458795444,0.030188491570099965,0.0010444123936937384,0.4939573282936291,0.11177699308698463,0.22683642512557817,0.09233102899487741,0.015786011839508878,0.05832054374040781,0.8983775487831616
2011,36,GHMC (M Corp.) (Part) WARD NO.-0036,1,536,6365,32375,16591,15784,3822,1966,1856,669,344,325,389,198,191,23635,12665,10970,8740,3926,4814,9692,7452,2240,6644,5473,1171,376,318,58,113,53,60,92,49,43,6063,5053,1010,3048,1979,1069,83,37,46,93,50,43,47,21,26,2825,1871,954,2919,1896,1023,83,37,46,86,46,40,32,14,18,2718,1799,919,129,83,46,0,0,0,7,4,3,15,7,8,107,72,35,22683,9139,13544,0.8277589044933983,0.2993667953667954,0.7006332046332047,0.020664092664092665,0.012015444015444016,0.48753667953667956,0.11805405405405406,0.2052200772200772,0.09414671814671814,0.017007826610475618,0.013847080072245636,0.9125526791089705
2011,37,GHMC (M Corp.) (Part) WARD NO.-0037,1,536,5854,30725,15904,14821,3488,1818,1670,373,199,174,90,53,37,24212,12807,11405,6513,3097,3416,9640,7450,2190,6913,5662,1251,129,74,55,130,90,40,120,74,46,6534,5424,1110,2727,1788,939,141,79,62,45,28,17,53,18,35,2488,1663,825,2594,1695,899,140,78,62,44,27,17,38,15,23,2372,1575,797,133,93,40,1,1,0,1,1,0,15,3,12,116,88,28,21085,8454,12631,0.8889378419062305,0.31375101708706266,0.6862489829129373,0.012139951179820993,0.0029292107404393815,0.4823759153783564,0.11352318958502848,0.2249959316517494,0.08875508543531327,0.018805149717922753,0.017358599739621002,0.9451757558223637
2011,38,GHMC (M Corp.) (Part) WARD NO.-0038,1,536,5007,25782,13328,12454,2994,1522,1472,508,260,248,60,32,28,20385,10835,9550,5397,2493,2904,8197,6489,1708,5929,5162,767,95,61,34,110,88,22,513,434,79,5211,4579,632,2268,1327,941,174,84,90,34,22,12,188,109,79,1872,1112,760,2225,1297,928,173,84,89,33,21,12,181,102,79,1838,1090,748,43,30,13,1,0,1,1,1,0,7,7,0,34,22,12,17585,6839,10746,0.8945497630331753,0.3179349934062524,0.6820650065937476,0.019703669226592196,0.0023272050267628577,0.4830501900550772,0.1161275308354666,0.2299666433946164,0.08796835001163603,0.01855287569573284,0.08652386574464496,0.878900320458762
2011,39,GHMC (M Corp.) (Part) WARD NO.-0039,1,536,12960,68878,35824,33054,9462,5062,4400,5,4,1,166,82,84,47400,25157,22243,21478,10667,10811,19503,15312,4191,10526,8405,2121,206,121,85,607,409,198,141,66,75,9572,7809,1763,8977,6907,2070,130,56,74,390,303,87,119,63,56,8338,6485,1853,7113,5232,1881,122,55,67,376,296,80,91,51,40,6524,4830,1694,1864,1675,189,8,1,7,14,7,7,28,12,16,1814,1655,159,49375,20512,28863,0.7977649118082671,0.28315282092975985,0.7168471790702401,7.2592119399518e-05,0.0024100583640639973,0.4798919829263335,0.13737332675164785,0.15282092975986528,0.1303318911698946,0.057666730001900056,0.013395401862055862,0.9093672810184306
2011,40,GHMC (M Corp.) (Part) WARD NO.-0040,1,536,6238,31269,16101,15168,3893,2078,1815,2135,1110,1025,213,112,101,23778,12565,11213,7491,3536,3955,9807,7792,2015,7420,6221,1199,30,15,15,64,37,27,83,56,27,7243,6113,1130,2387,1571,816,48,26,22,12,11,1,38,11,27,2289,1523,766,2296,1499,797,48,26,22,9,8,1,37,11,26,2202,1454,748,91,72,19,0,0,0,3,3,0,1,0,1,87,69,18,21462,8309,13153,0.8685710111046172,0.31363331094694424,0.6863666890530558,0.0682784866800985,0.00681185839009882,0.4850810707090089,0.12450030381528031,0.2372957241996866,0.07633758674725767,0.00862533692722372,0.011185983827493261,0.976145552560647
2011,41,GHMC (M Corp.) (Part) WARD NO.-0041,1,536,7257,31812,16073,15739,3516,1864,1652,3121,1580,1541,525,297,228,23531,12587,10944,8281,3486,4795,11851,8737,3114,9078,7301,1777,81,34,47,148,77,71,302,222,80,8547,6968,1579,2773,1436,1337,75,34,41,44,25,19,97,23,74,2557,1354,1203,2700,1400,1300,75,34,41,44,25,19,85,21,64,2496,1320,1176,73,36,37,0,0,0,0,0,0,12,2,10,61,34,27,19961,7336,12625,0.8316016398077467,0.3725323777190997,0.6274676222809003,0.09810763233999749,0.016503206337231232,0.4947504086508236,0.11052433044134288,0.2853640135797812,0.0871683641393185,0.016303150473672614,0.03326723948006169,0.9415069398545935
2011,42,GHMC (M Corp.) (Part) WARD NO.-0042,1,536,6379,28678,14588,14090,3283,1728,1555,1642,813,829,409,210,199,21792,11549,10243,6886,3039,3847,10924,8155,2769,9096,7028,2068,52,31,21,77,49,28,383,290,93,8584,6658,1926,1828,1127,701,64,26,38,8,7,1,72,40,32,1684,1054,630,1742,1072,670,63,26,37,8,7,1,65,36,29,1606,1003,603,86,55,31,1,0,1,0,0,0,7,4,3,78,51,27,17754,6433,11321,0.85812167749557,0.38091917149034105,0.619080828509659,0.05725643350303369,0.01426180347304554,0.49131738614966175,0.11447799707092544,0.31717693005091013,0.06374224143943093,0.008465259454705365,0.042106420404573436,0.9437115215479331
2011,43,GHMC (M Corp.) (Part) WARD NO.-0043,1,536,8669,57542,31214,26328,8773,5118,3655,21,10,11,3855,2210,1645,34916,19973,14943,22626,11241,11385,16908,11903,5005,11428,8674,2754,397,243,154,1080,786,294,263,104,159,9688,7541,2147,5480,3229,2251,241,127,114,522,371,151,353,72,281,4364,2659,1705,5248,3103,2145,237,124,113,489,353,136,336,65,271,4186,2561,1625,232,126,106,4,3,1,33,18,15,17,7,10,178,98,80,40634,19311,21323,0.7159466054255778,0.2938375447499218,0.7061624552500783,0.0003649508185325501,0.06699454311633242,0.45754405477738,0.1524625490945744,0.19860275972333252,0.09523478502658927,0.09450472523626181,0.023013650682534127,0.847742387119356
2011,44,GHMC (M Corp.) (Part) WARD NO.-0044,1,536,7013,41854,21339,20515,5820,2976,2844,8,5,3,192,96,96,26700,14172,12528,15154,7167,7987,13723,10253,3470,9556,8033,1523,188,105,83,156,95,61,144,70,74,9068,7763,1305,4167,2220,1947,270,171,99,56,31,25,106,34,72,3735,1984,1751,4034,2131,1903,265,167,98,51,26,25,93,29,64,3625,1909,1716,133,89,44,5,4,1,5,5,0,13,5,8,110,75,35,28131,11086,17045,0.7409668646278514,0.32787786113633105,0.6721221388636689,0.00019114063171978782,0.004587375161274908,0.49015625746643093,0.13905480957614566,0.22831748458928658,0.09956037654704449,0.016324822101297615,0.01506906655504395,0.9489326077856843
2011,45,GHMC (M Corp.) (Part) WARD NO.-0045,1,536,6564,38433,19898,18535,5724,2988,2736,0,0,0,98,42,56,25478,13633,11845,12955,6265,6690,10952,8425,2527,7767,6532,1235,162,110,52,166,113,53,141,79,62,7298,6230,1068,3185,1893,1292,158,104,54,50,35,15,189,51,138,2788,1703,1085,3014,1759,1255,157,103,54,43,29,14,156,29,127,2658,1598,1060,171,134,37,1,1,0,7,6,1,33,22,11,130,105,25,27481,11473,16008,0.778929346662998,0.28496344287461295,0.715036557125387,0.0,0.00254989201987875,0.48226784273931256,0.14893450940597924,0.20209195222855358,0.08287149064605938,0.021372473284408396,0.018153727307840865,0.9396163254795932
2011,46,GHMC (M Corp.) (Part) WARD NO.-0046,1,536,3575,21082,10942,10140,2970,1542,1428,0,0,0,1324,670,654,14696,7911,6785,6386,3031,3355,7312,5077,2235,5758,4010,1748,81,40,41,128,77,51,82,52,30,5467,3841,1626,1554,1067,487,64,34,30,19,8,11,33,17,16,1438,1008,430,1502,1035,467,64,34,30,18,8,10,29,16,13,1391,977,414,52,32,20,0,0,0,1,0,1,4,1,3,47,31,16,13770,5865,7905,0.8113957597173145,0.34683616355184516,0.6531638364481548,0.0,0.0628023906650223,0.4809790342472251,0.1408784745280334,0.2731239920311166,0.07371217152072858,0.022229940951719346,0.014241055922195206,0.9494616186175755
2011,47,GHMC (M Corp.) (Part) WARD NO.-0047,1,536,5066,28268,14579,13689,4058,2142,1916,60,32,28,32,18,14,20565,10786,9779,7703,3793,3910,8229,6492,1737,6363,5318,1045,104,26,78,139,83,56,130,92,38,5990,5117,873,1866,1174,692,48,30,18,31,22,9,63,29,34,1724,1093,631,1676,1037,639,48,30,18,25,17,8,45,22,23,1558,968,590,190,137,53,0,0,0,6,5,1,18,7,11,166,125,41,20039,8087,11952,0.8494423791821561,0.2911065515777558,0.7088934484222442,0.0021225413895570966,0.0011320220744304515,0.48425781802745155,0.14355454931371162,0.22509551436253006,0.06601103721522569,0.021845041647021845,0.02043061449002043,0.9413798522709413
2011,48,GHMC (M Corp.) (Part) WARD NO.-0048,1,536,6457,37323,19742,17581,5424,2891,2533,137,77,60,173,89,84,26269,14275,11994,11054,5467,5587,10059,8091,1968,6746,5596,1150,109,80,29,236,173,63,202,118,84,6199,5225,974,3313,2495,818,53,33,20,41,22,19,50,34,16,3169,2406,763,3188,2398,790,53,33,20,36,18,18,47,32,15,3052,2315,737,125,97,28,0,0,0,5,4,1,3,2,1,117,91,26,27264,11651,15613,0.8235054390419763,0.269512097098304,0.730487902901696,0.0036706588430726363,0.004635211531763256,0.4710500227741607,0.1453259384293867,0.18074645660852556,0.08876564048977842,0.03498369404091314,0.029943670323154464,0.9189149125407648
2011,49,GHMC (M Corp.) (Part) WARD NO.-0049,1,536,3197,17601,9222,8379,1898,1005,893,179,90,89,5,1,4,13830,7651,6179,3771,1571,2200,5886,4576,1310,4996,4167,829,103,83,20,388,268,120,388,335,53,4117,3481,636,890,409,481,26,14,12,19,6,13,141,31,110,704,358,346,744,367,377,26,14,12,18,5,13,50,21,29,650,327,323,146,42,104,0,0,0,1,1,0,91,10,81,54,31,23,11715,4646,7069,0.8807234286442082,0.3344128174535538,0.6655871825464462,0.01016987671155048,0.0002840747684790637,0.4760524970172149,0.10783478211465258,0.28384750866428043,0.05056530878927334,0.07766212970376302,0.07766212970376302,0.8240592473979184
2011,50,GHMC (M Corp.) (Part) WARD NO.-0050,1,536,5841,30615,15687,14928,3470,1798,1672,2034,988,1046,130,67,63,23416,12612,10804,7199,3075,4124,10396,8543,1853,8639,7504,1135,56,37,19,63,50,13,335,240,95,8185,7177,1008,1757,1039,718,133,57,76,35,14,21,257,110,147,1332,858,474,1563,877,686,133,57,76,30,9,21,208,72,136,1192,739,453,194,162,32,0,0,0,5,5,0,49,38,11,140,119,21,20219,7144,13075,0.8626266347393626,0.3395721051772007,0.6604278948227993,0.06643802057814796,0.004246284501061571,0.4876041156295933,0.11334313245141271,0.282181936959007,0.0573901682181937,0.007292510707257785,0.03877763630049774,0.9474476212524597
2011,51,GHMC (M Corp.) (Part) WARD NO.-0051,1,536,6722,35729,18674,17055,4093,2232,1861,678,335,343,40,19,21,27327,14910,12417,8402,3764,4638,14082,9707,4375,9955,7406,2549,110,69,41,184,90,94,551,465,86,9110,6782,2328,4127,2301,1826,105,55,50,28,10,18,94,22,72,3900,2214,1686,4054,2271,1783,105,55,50,28,10,18,88,19,69,3833,2187,1646,73,30,43,0,0,0,0,0,0,6,3,3,67,27,40,21647,8967,12680,0.8637944114300165,0.3941336169498167,0.6058663830501834,0.018976181813093004,0.0011195387500349855,0.47734333454616695,0.11455680259732991,0.278625206414957,0.11550841053485963,0.018483174284279258,0.05534907081868408,0.9151180311401306
2011,52,GHMC (M Corp.) (Part) WARD NO.-0052,1,536,5735,28660,14772,13888,3191,1665,1526,2748,1404,1344,125,67,58,20367,11237,9130,8293,3535,4758,10328,7911,2417,7586,6003,1583,102,58,44,94,53,41,149,95,54,7241,5797,1444,2742,1908,834,46,17,29,15,10,5,30,13,17,2651,1868,783,2393,1628,765,46,17,29,14,10,4,20,7,13,2313,1594,719,349,280,69,0,0,0,1,0,1,10,6,4,338,274,64,18332,6861,11471,0.7996780399701598,0.3603628750872296,0.6396371249127704,0.0958827634333566,0.004361479413817167,0.4845778087927425,0.11133984647592464,0.26468946266573623,0.09567341242149337,0.012391247034010018,0.019641444766675453,0.9545214869496441
2011,53,GHMC (M Corp.) (Part) WARD NO.-0053,1,536,6310,31292,16017,15275,3658,1961,1697,3504,1728,1776,3037,1543,1494,22366,11822,10544,8926,4195,4731,9987,8049,1938,8216,6964,1252,118,78,40,69,50,19,83,58,25,7946,6778,1168,1771,1085,686,169,127,42,5,3,2,14,8,6,1583,947,636,1736,1069,667,169,127,42,5,3,2,12,7,5,1550,932,618,35,16,19,0,0,0,0,0,0,2,1,1,33,15,18,21305,7968,13337,0.8093652746616486,0.3191550556052665,0.6808449443947335,0.11197750223699349,0.09705356001533938,0.48814393455196214,0.11689888789466957,0.26255912054199154,0.05659593506327496,0.008398247322297955,0.01010223953261928,0.9671372930866602
2011,54,GHMC (M Corp.) (Part) WARD NO.-0054,1,536,7489,40105,20614,19491,5539,2901,2638,605,324,281,459,246,213,27638,14642,12996,12467,5972,6495,12795,9976,2819,10220,8422,1798,144,63,81,75,48,27,99,68,31,9902,8243,1659,2575,1554,1021,96,32,64,55,44,11,37,17,20,2387,1461,926,2451,1459,992,95,31,64,53,42,11,24,7,17,2279,1379,900,124,95,29,1,1,0,2,2,0,13,10,3,108,82,26,27310,10638,16672,0.7995718335937048,0.31903752649295597,0.680962473507044,0.015085400822840045,0.011444956987906745,0.48599925196359556,0.1381124548061339,0.254831068445331,0.06420645804762498,0.007338551859099804,0.009686888454011743,0.9688845401174169
2011,55,GHMC (M Corp.) (Part) WARD NO.-0055,1,536,6908,38482,19580,18902,5557,2816,2741,497,257,240,664,375,289,26455,13890,12565,12027,5690,6337,11076,8798,2278,9095,7508,1587,67,41,26,173,106,67,426,233,193,8429,7128,1301,1981,1290,691,69,31,38,63,40,23,96,55,41,1753,1164,589,1834,1200,634,69,31,38,62,39,23,79,50,29,1624,1080,544,147,90,57,0,0,0,1,1,0,17,5,12,129,84,45,27406,10782,16624,0.8034927866362946,0.2878228782287823,0.7121771217712177,0.012915129151291513,0.017254820435528298,0.4911906865547529,0.14440517644613066,0.23634426485109922,0.05147861337768307,0.01902144035184167,0.046838922484881806,0.9267729521715228
2011,56,GHMC (M Corp.) (Part) WARD NO.-0056,1,536,10259,56773,28928,27845,7597,3837,3760,354,173,181,134,65,69,37607,19952,17655,19166,8976,10190,17300,13284,4016,12295,10151,2144,177,114,63,482,384,98,210,104,106,11426,9549,1877,5005,3133,1872,161,104,57,305,254,51,172,75,97,4367,2700,1667,4749,2971,1778,159,103,56,256,212,44,146,67,79,4188,2589,1599,256,162,94,2,1,1,49,42,7,26,8,18,179,111,68,39473,15644,23829,0.7647429640475029,0.3047223151850351,0.6952776848149649,0.006235358356965459,0.0023602768921846652,0.4904620153946418,0.13381360858154404,0.2165642118612721,0.08815810332376306,0.039202928019520134,0.01708011386742578,0.9293208621390809
2011,57,GHMC (M Corp.) WARD NO.-0057,1,537,9964,53631,27507,26124,7895,4050,3845,1248,658,590,415,217,198,32308,17068,15240,21323,10439,10884,17242,13488,3754,13362,11077,2285,105,75,30,319,240,79,359,252,107,12579,10510,2069,3880,2411,1469,56,27,29,269,212,57,360,222,138,3195,1950,1245,3243,1969,1274,53,25,28,204,155,49,258,148,110,2728,1641,1087,637,442,195,3,2,1,65,57,8,102,74,28,467,309,158,36389,14019,22370,0.706401959069442,0.3214931662657791,0.6785068337342208,0.023270123622531745,0.007738061941787399,0.4871063377524193,0.14720963621785907,0.2491469485931644,0.07234621767261472,0.023873671606047,0.02686723544379584,0.9414009878760664
2011,58,GHMC (M Corp.) WARD NO.-0058,1,537,12237,52306,27228,25078,7042,3663,3379,3946,1982,1964,825,455,370,32942,18806,14136,19364,8422,10942,23354,16061,7293,20640,14686,5954,81,59,22,180,123,57,1176,715,461,19203,13789,5414,2714,1375,1339,23,12,11,74,25,49,141,43,98,2476,1295,1181,2611,1318,1293,22,12,10,70,24,46,131,39,92,2388,1243,1145,103,57,46,1,0,1,4,1,3,10,4,6,88,52,36,28952,11167,17785,0.727774832096147,0.4464879746109433,0.5535120253890567,0.0754406760218713,0.01577256911253011,0.4794478644897335,0.13463082629143885,0.394601001797117,0.05188697281382633,0.00872093023255814,0.056976744186046514,0.9303779069767442
2011,59,GHMC (M Corp.) WARD NO.-0059,1,537,13104,57040,28734,28306,6871,3533,3338,9727,4844,4883,1402,726,676,41610,22206,19404,15430,6528,8902,20135,15143,4992,17609,13640,3969,200,149,51,530,325,205,352,242,110,16527,12924,3603,2526,1503,1023,84,33,51,133,68,65,120,61,59,2189,1341,848,2266,1330,936,84,33,51,118,59,59,106,51,55,1958,1187,771,260,173,87,0,0,0,15,9,6,14,10,4,231,154,77,36905,13591,23314,0.8293966393589667,0.3529978962131837,0.6470021037868162,0.17052945301542777,0.024579242636746143,0.4962482468443198,0.12045932678821879,0.30871318373071527,0.044284712482468444,0.030098245215514793,0.01998977795445511,0.938554148446817
2011,60,GHMC (M Corp.) WARD NO.-0060,1,537,13083,66846,34234,32612,10025,5091,4934,2364,1195,1169,414,206,208,40726,21808,18918,26120,12426,13694,23053,17163,5890,16450,13258,3192,140,89,51,281,183,98,656,428,228,15373,12558,2815,6603,3905,2698,116,47,69,164,62,102,381,161,220,5942,3635,2307,5838,3531,2307,110,47,63,135,49,86,274,109,165,5319,3326,1993,765,374,391,6,0,6,29,13,16,107,52,55,623,309,314,43793,17071,26722,0.7167420495943401,0.3448673069443198,0.6551326930556802,0.03536486850372498,0.006193339915626963,0.4878676360590013,0.1499715764593244,0.2460880232175448,0.09877928372677497,0.017082066869300912,0.03987841945288754,0.9345288753799392
2011,61,GHMC (M Corp.) (Part) WARD NO.-0061,1,536,9040,43718,22499,21219,6020,3140,2880,1377,701,676,373,198,175,29882,16183,13699,13836,6316,7520,14898,11431,3467,12344,9933,2411,120,66,54,109,74,35,514,390,124,11601,9403,2198,2554,1498,1056,239,83,156,36,23,13,64,35,29,2215,1357,858,2277,1298,979,239,83,156,34,22,12,52,26,26,1952,1167,785,277,200,77,0,0,0,2,1,1,12,9,3,263,190,73,28820,11068,17752,0.7926680460501884,0.3407749668328835,0.6592250331671166,0.03149732375680498,0.00853195480122604,0.4853607209844915,0.1377007182396267,0.2823550940116199,0.058419872821263555,0.008830200907323397,0.04163966299416721,0.9398088139987039
2011,62,GHMC (M Corp.) (Part) WARD NO.-0062,1,536,7061,33674,17334,16340,4554,2400,2154,7076,3639,3437,279,139,140,21257,11848,9409,12417,5486,6931,11958,9232,2726,9208,7668,1540,77,39,38,53,35,18,365,283,82,8713,7311,1402,2750,1564,1186,186,80,106,18,7,11,97,58,39,2449,1419,1030,2318,1329,989,184,79,105,17,6,11,84,51,33,2033,1193,840,432,235,197,2,1,1,1,1,0,13,7,6,416,226,190,21716,8102,13614,0.7299793956043956,0.3551107679515353,0.6448892320484647,0.21013244639781434,0.008285323988834116,0.48524083862920947,0.13523786897903428,0.2734453881332779,0.0816653798182574,0.005755864465682016,0.03963944396177237,0.9462423979148566
2011,63,GHMC (M Corp.) (Part) WARD NO.-0063,1,536,7263,37129,19065,18064,5861,2995,2866,802,423,379,21,12,9,22527,11971,10556,14602,7094,7508,11336,9144,2192,8790,7559,1231,80,46,34,145,102,43,622,528,94,7943,6883,1060,2546,1585,961,169,69,100,104,69,35,145,96,49,2128,1351,777,2157,1284,873,168,69,99,58,28,30,124,87,37,1807,1100,707,389,301,88,1,0,1,46,41,5,21,9,12,321,251,70,25793,9921,15872,0.7204490213636945,0.3053139055724636,0.6946860944275365,0.021600366290500685,0.0005655956260604918,0.48651997091222493,0.1578550459209782,0.23674216919389157,0.068571736378572,0.016496018202502846,0.07076222980659841,0.9036405005688282
2011,64,GHMC (M Corp.) (Part) WARD NO.-0064,1,536,9207,42684,21766,20918,5582,2925,2657,1503,754,749,172,87,85,27507,14902,12605,15177,6864,8313,14705,11393,3312,11495,9433,2062,166,104,62,73,47,26,330,213,117,10926,9069,1857,3210,1960,1250,205,82,123,28,19,9,95,40,55,2882,1819,1063,2853,1728,1125,204,82,122,26,17,9,87,37,50,2536,1592,944,357,232,125,1,0,1,2,2,0,8,3,5,346,227,119,27979,10373,17606,0.7413886043879037,0.34450848092962233,0.6554915190703776,0.035212257520382345,0.0040296129697310465,0.4900665354699653,0.13077499765720177,0.26930465748289756,0.07520382344672477,0.006350587211831231,0.028708133971291867,0.9505002174858634
2011,65,GHMC (M Corp.) (Part) WARD NO.-0065,1,536,8887,42365,21824,20541,5606,2924,2682,3119,1560,1559,227,122,105,28708,15420,13288,13657,6404,7253,14602,11077,3525,11234,9044,2190,111,55,56,152,95,57,831,662,169,10140,8232,1908,3368,2033,1335,150,76,74,33,21,12,176,104,72,3009,1832,1177,3165,1879,1286,149,75,74,33,21,12,144,82,62,2839,1701,1138,203,154,49,1,1,0,0,0,0,32,22,10,170,131,39,27763,10747,17016,0.7809788079109878,0.3446713088634486,0.6553286911365513,0.07362209370942996,0.00535819662457217,0.4848577835477399,0.13232621267555766,0.2651717219402809,0.0794995869231677,0.013530354281645006,0.07397187110557236,0.9026170553676339
2011,66,GHMC (M Corp.) (Part) WARD NO.-0066,1,536,8121,41452,20894,20558,5553,2816,2737,639,322,317,24,13,11,29200,15345,13855,12252,5549,6703,13144,9972,3172,10622,8489,2133,182,112,70,162,117,45,445,205,240,9833,8055,1778,2522,1483,1039,150,73,77,43,31,12,129,54,75,2200,1325,875,2295,1319,976,150,73,77,40,28,12,118,51,67,1987,1167,820,227,164,63,0,0,0,3,3,0,11,3,8,213,158,55,28308,10922,17386,0.8133931307278754,0.31708964585544724,0.6829103541445527,0.015415420245102769,0.0005789829200038599,0.495947119559973,0.1339621731158931,0.256248190678375,0.060841455177072276,0.015251365091319902,0.041894181886650346,0.9257202033515346
2011,67,GHMC (M Corp.) (Part) WARD NO.-0067,1,536,8964,40688,21165,19523,4480,2358,2122,3147,1623,1524,667,346,321,31220,16794,14426,9468,4371,5097,16231,11835,4396,13411,10139,3272,147,83,64,173,128,45,448,136,312,12643,9792,2851,2820,1696,1124,107,62,45,45,26,19,132,17,115,2536,1591,945,2408,1390,1018,106,61,45,41,23,18,125,16,109,2136,1290,846,412,306,106,1,1,0,4,3,1,7,1,6,400,301,99,24457,9330,15127,0.8622403888643394,0.3989136846244593,0.6010863153755407,0.07734467164766025,0.01639303971686984,0.4798220605583956,0.11010617381046009,0.32960578057412504,0.06930790405033425,0.012899858325255387,0.0334054134665573,0.9427335769144732
2011,68,GHMC (M Corp.) (Part) WARD NO.-0068,1,536,13613,60074,30664,29410,7838,4086,3752,2532,1276,1256,285,154,131,42218,22715,19503,17856,7949,9907,21806,16321,5485,17585,13717,3868,205,124,81,232,149,83,541,316,225,16607,13128,3479,4221,2604,1617,202,86,116,73,48,25,125,41,84,3821,2429,1392,3609,2184,1425,202,86,116,66,42,24,112,34,78,3229,2022,1207,612,420,192,0,0,0,7,6,1,13,7,6,592,407,185,38268,14343,23925,0.8082165556321311,0.3629856510303959,0.6370143489696042,0.04214801744515098,0.0047441488830442455,0.4895628724573027,0.13047241735193263,0.29272230915204583,0.07026334187835004,0.013193062268979244,0.03076485641171453,0.9443844185385272
2011,69,GHMC (M Corp.) (Part) WARD NO.-0069,1,536,8755,39933,20532,19401,5249,2737,2512,4600,2308,2292,535,285,250,28441,15485,12956,11492,5047,6445,13915,10508,3407,10871,8793,2078,126,81,45,222,134,88,259,167,92,10264,8411,1853,3044,1715,1329,98,42,56,89,54,35,149,51,98,2708,1568,1140,2797,1599,1198,98,42,56,80,49,31,107,43,64,2512,1465,1047,247,116,131,0,0,0,9,5,4,42,8,34,196,103,93,26018,10024,15994,0.8200034598085573,0.3484586682693512,0.6515413317306489,0.11519294818821527,0.0133974407131946,0.485838779956427,0.13144517066085692,0.27223098690306263,0.07622768136628853,0.020421304387820808,0.023824855119124275,0.9441633704351026
2011,70,GHMC (M Corp.) (Part) WARD NO.-0070,1,536,12437,63787,31868,31919,9423,4835,4588,774,388,386,78,40,38,46339,23793,22546,17448,8075,9373,18369,14833,3536,13462,11576,1886,174,100,74,155,89,66,247,188,59,12886,11199,1687,4907,3257,1650,332,156,176,42,26,16,80,51,29,4453,3024,1429,4242,2666,1576,332,156,176,40,24,16,64,41,23,3806,2445,1361,665,591,74,0,0,0,2,2,0,16,10,6,647,579,68,45418,17035,28383,0.8523839305422706,0.2879740385972063,0.7120259614027937,0.012134133914433975,0.001222819696803424,0.5003997679778012,0.14772602567921364,0.21104613792779092,0.07692790066941539,0.011513890952310207,0.01834794235626207,0.9572128955578666
2011,71,GHMC (M Corp.) (Part) WARD NO.-0071,1,536,9350,49565,26517,23048,6194,3141,3053,691,358,333,50,38,12,35861,20352,15509,13704,6165,7539,19300,14546,4754,14215,11881,2334,203,114,89,195,136,59,186,90,96,13631,11541,2090,5085,2665,2420,273,111,162,69,27,42,207,35,172,4536,2492,2044,4941,2578,2363,272,110,162,68,26,42,194,29,165,4407,2413,1994,144,87,57,1,1,0,1,1,0,13,6,7,129,79,50,30265,11971,18294,0.8268428212399991,0.38938767275295066,0.6106123272470493,0.013941289216180772,0.0010087763542822555,0.46500554826994855,0.12496721476848582,0.2867951175224453,0.1025925552305054,0.01371790362293352,0.013084769609567358,0.9589166373549068
2011,72,GHMC (M Corp.) (Part) WARD NO.-0072,1,536,8257,40889,20907,19982,5316,2823,2493,541,278,263,706,385,321,29435,15464,13971,11454,5443,6011,12484,9537,2947,9955,8080,1875,154,73,81,95,50,45,216,150,66,9490,7807,1683,2529,1457,1072,82,50,32,38,30,8,57,28,29,2352,1349,1003,2393,1382,1011,82,50,32,37,29,8,51,25,26,2223,1278,945,136,75,61,0,0,0,1,1,0,6,3,3,129,71,58,28405,11370,17035,0.8274534056728418,0.305314387732642,0.6946856122673579,0.013230942307221992,0.01726625742864829,0.48868888943236566,0.13001051627577098,0.24346401232605347,0.06185037540658857,0.009542943244600702,0.02169763937719739,0.9532898041185334
2011,73,GHMC (M Corp.) (Part) WARD NO.-0073,1,536,7067,31635,15838,15797,3557,1864,1693,1490,746,744,166,74,92,25806,13082,12724,5829,2756,3073,10905,7961,2944,9440,7198,2242,58,39,19,56,28,28,95,66,29,9231,7065,2166,1465,763,702,41,19,22,11,5,6,24,8,16,1389,731,658,1409,742,667,40,18,22,10,4,6,21,8,13,1338,712,626,56,21,35,1,1,0,1,1,0,3,0,3,51,19,32,20730,7877,12853,0.9190825557375881,0.34471313418681837,0.6552868658131816,0.047099731310257624,0.005247352615773668,0.49935198356250987,0.11243875454401771,0.29840366682471947,0.04630946736209894,0.005932203389830509,0.010063559322033898,0.9778601694915254
2011,74,GHMC (M Corp.) (Part) WARD NO.-0074,1,536,5756,25847,12921,12926,2859,1474,1385,2847,1367,1480,172,86,86,19702,10141,9561,6145,2780,3365,9033,6631,2402,7197,5481,1716,59,32,27,54,30,24,108,73,35,6976,5346,1630,1836,1150,686,34,16,18,7,3,4,23,11,12,1772,1120,652,1697,1052,645,34,16,18,7,3,4,19,11,8,1637,1022,615,139,98,41,0,0,0,0,0,0,4,0,4,135,98,37,16814,6290,10524,0.857055855228815,0.3494796301311564,0.6505203698688435,0.11014817967268929,0.006654544047665106,0.5000967230239486,0.11061245018764267,0.2784462413432894,0.07103338878786707,0.007503126302626094,0.015006252605252188,0.9692927608725858
2011,75,GHMC (M Corp.) (Part) WARD NO.-0075,1,536,7288,34868,17851,17017,4522,2370,2152,3185,1627,1558,39,21,18,24734,13148,11586,10134,4703,5431,11255,8906,2349,9422,7838,1584,109,83,26,138,93,45,189,130,59,8986,7532,1454,1833,1068,765,65,24,41,34,22,12,146,33,113,1588,989,599,1695,968,727,65,24,41,32,20,12,139,31,108,1459,893,566,138,100,38,0,0,0,2,2,0,7,2,5,129,96,33,23613,8945,14668,0.8150662360772425,0.3227888034874383,0.6772111965125617,0.09134449925433062,0.0011185040725020076,0.4880406103017093,0.12968911322702764,0.270219112079844,0.052569691407594356,0.014646571853109743,0.020059435364041606,0.9537253237104649
2011,76,GHMC (M Corp.) (Part) WARD NO.-0076,1,536,5604,27280,13864,13416,3193,1654,1539,1194,569,625,42,25,17,21531,11150,10381,5749,2714,3035,8642,6720,1922,7913,6293,1620,41,28,13,85,39,46,199,147,52,7588,6079,1509,729,427,302,32,15,17,4,3,1,24,11,13,669,398,271,656,383,273,32,15,17,4,3,1,22,10,12,598,355,243,73,44,29,0,0,0,0,0,0,2,1,1,71,43,28,18638,7144,11494,0.8938846680782164,0.3167888563049853,0.6832111436950147,0.0437683284457478,0.0015395894428152494,0.4917888563049853,0.11704545454545455,0.29006598240469206,0.026722873900293254,0.010741817262732213,0.025148489826867182,0.9589283457601415
2011,77,GHMC (M Corp.) (Part) WARD NO.-0077,1,536,8247,40798,20788,20010,4922,2542,2380,3055,1491,1564,196,94,102,28625,15110,13515,12173,5678,6495,15783,11380,4403,11745,9380,2365,93,63,30,106,68,38,605,396,209,10941,8853,2088,4038,2000,2038,89,39,50,29,15,14,124,52,72,3796,1894,1902,3872,1892,1980,87,38,49,26,13,13,106,40,66,3653,1801,1852,166,108,58,2,1,1,3,2,1,18,12,6,143,93,50,25015,9408,15607,0.7978871669082395,0.38685719888229814,0.6131428011177018,0.074881121623609,0.004804157066522869,0.4904652188832786,0.12064316878278347,0.2878817589097505,0.09897543997254768,0.009025117071094083,0.05151128139633887,0.9315453384418901
2011,78,GHMC (M Corp.) (Part) WARD NO.-0078,1,536,4949,22309,11134,11175,1926,1017,909,2848,1356,1492,99,50,49,17914,9185,8729,4395,1949,2446,8397,6261,2136,7472,5858,1614,29,21,8,36,26,10,183,128,55,7224,5683,1541,925,403,522,29,11,18,13,2,11,152,11,141,731,379,352,870,387,483,29,11,18,11,2,9,148,11,137,682,363,319,55,16,39,0,0,0,2,0,2,4,0,4,49,16,33,13912,4873,9039,0.8788696462738557,0.37639517683446144,0.6236048231655386,0.12766148191312923,0.004437670895154422,0.5009189116500067,0.08633287014209512,0.33493209018781656,0.04146308664664485,0.004817987152034261,0.024491434689507496,0.9668094218415417
2011,79,GHMC (M Corp.) (Part) WARD NO.-0079,1,536,6830,31267,15861,15406,2940,1531,1409,903,418,485,84,40,44,25753,13462,12291,5514,2399,3115,10725,8368,2357,9436,7624,1812,84,67,17,59,27,32,312,238,74,8981,7292,1689,1289,744,545,27,14,13,54,11,43,44,19,25,1164,700,464,1231,712,519,27,14,13,54,11,43,34,12,22,1116,675,441,58,32,26,0,0,0,0,0,0,10,7,3,48,25,23,20542,7493,13049,0.9091326296466269,0.34301340071001374,0.6569865992899863,0.028880289122717243,0.0026865385230434645,0.4927239581667573,0.09402884830652125,0.3017878274218825,0.041225573288131256,0.006252649427723612,0.03306485799067401,0.951780415430267
2011,80,GHMC (M Corp.) (Part) WARD NO.-0080,1,536,8921,40354,20406,19948,3703,1985,1718,2268,1163,1105,336,161,175,33136,17170,15966,7218,3236,3982,16205,11285,4920,11694,8946,2748,96,64,32,138,91,47,333,185,148,11127,8606,2521,4511,2339,2172,162,76,86,75,44,31,126,42,84,4148,2177,1971,4388,2261,2127,162,76,86,72,42,30,106,34,72,4048,2109,1939,123,78,45,0,0,0,3,2,1,20,8,12,100,68,32,24149,9121,15028,0.9040953862104717,0.40157109580215095,0.598428904197849,0.05620260692868117,0.008326312137582396,0.4943252217871834,0.09176289834960599,0.2897853992169302,0.11178569658522079,0.011800923550538737,0.028476141611082608,0.9515135967162648
2011,81,GHMC (M Corp.) (Part) WARD NO.-0081,1,536,6911,30388,15225,15163,2692,1343,1349,2206,1107,1099,157,81,76,25098,12953,12145,5290,2272,3018,12985,8923,4062,10242,7597,2645,101,49,52,117,72,45,346,220,126,9678,7256,2422,2743,1326,1417,61,25,36,50,28,22,117,16,101,2515,1257,1258,2599,1218,1381,61,25,36,47,25,22,112,15,97,2379,1153,1226,144,108,36,0,0,0,3,3,0,5,1,4,136,104,32,17403,6302,11101,0.9061958405545927,0.42730683164407,0.57269316835593,0.07259444517572726,0.00516651309727524,0.49897986047123866,0.08858760036856654,0.3370409372120574,0.09026589443201263,0.011423550087873463,0.03378246436242921,0.9449326303456356
2011,82,GHMC (M Corp.) (Part) WARD NO.-0082,1,536,8213,37320,19029,18291,3896,2078,1818,2618,1310,1308,133,65,68,28434,15038,13396,8886,3991,4895,13203,9985,3218,10499,8289,2210,102,66,36,152,92,60,440,344,96,9805,7787,2018,2704,1696,1008,85,43,42,46,29,17,78,39,39,2495,1585,910,2597,1640,957,84,42,42,44,27,17,65,34,31,2404,1537,867,107,56,51,1,1,0,2,2,0,13,5,8,91,48,43,24117,9044,15073,0.8507060794638583,0.3537781350482315,0.6462218649517685,0.07015005359056806,0.0035637727759914254,0.49011254019292605,0.10439442658092175,0.2813236870310825,0.07245444801714898,0.014477569292313554,0.041908753214591865,0.933898466520621
2011,83,GHMC (M Corp.) (Part) WARD NO.-0083,1,536,6110,26762,13407,13355,3254,1714,1540,1553,738,815,285,158,127,19044,10122,8922,7718,3285,4433,9869,7353,2516,8165,6498,1667,177,136,41,77,50,27,251,204,47,7660,6108,1552,1704,855,849,110,47,63,46,16,30,54,20,34,1494,772,722,1629,818,811,109,47,62,39,12,27,38,15,23,1443,744,699,75,37,38,1,0,1,7,4,3,16,5,11,51,28,23,16893,6054,10839,0.8101071975497703,0.3687691502877214,0.6312308497122786,0.058030042597713175,0.010649428293849489,0.4990284732082804,0.12159031462521486,0.3050967790150213,0.0636723712727001,0.009430496019595835,0.030740967544396817,0.9381506429883649
2011,84,GHMC (M Corp.) (Part) WARD NO.-0084,1,536,9426,41720,21375,20345,5589,2893,2696,2483,1265,1218,580,309,271,29267,16058,13209,12453,5317,7136,13520,10987,2533,10699,9198,1501,72,53,19,73,42,31,346,250,96,10208,8853,1355,2821,1789,1032,89,44,45,16,9,7,73,24,49,2643,1712,931,2565,1592,973,88,43,45,15,8,7,61,21,40,2401,1520,881,256,197,59,1,1,0,1,1,0,12,3,9,242,192,50,28200,10388,17812,0.8100246325869752,0.32406519654841803,0.675934803451582,0.05951581975071908,0.013902205177372963,0.48765580057526364,0.13396452540747844,0.25644774688398847,0.06761744966442954,0.00682306757640901,0.03233947097859613,0.9541078605477148
2011,85,GHMC (M Corp.) (Part) WARD NO.-0085,1,536,5764,24826,12566,12260,2771,1447,1324,1905,941,964,635,318,317,18961,10026,8935,5865,2540,3325,9407,6998,2409,7753,6072,1681,98,63,35,124,101,23,333,241,92,7198,5667,1531,1654,926,728,104,40,64,41,32,9,61,33,28,1448,821,627,1594,891,703,104,40,64,39,30,9,55,31,24,1396,790,606,60,35,25,0,0,0,2,2,0,6,2,4,52,31,21,15419,5568,9851,0.8597143504874178,0.3789172641585435,0.6210827358414566,0.07673406912108273,0.02557802304036091,0.49383710625956656,0.11161685329896076,0.3122935631998711,0.06662370095867236,0.0159938088481878,0.04295111569714949,0.9284148071714176
2011,86,GHMC (M Corp.) (Part) WARD NO.-0086,1,536,6802,27719,13980,13739,2426,1280,1146,1471,712,759,233,113,120,22264,11633,10631,5455,2347,3108,12134,8022,4112,8506,6242,2264,132,73,59,99,68,31,275,192,83,8000,5909,2091,3628,1780,1848,211,85,126,50,15,35,241,24,217,3126,1656,1470,3578,1751,1827,210,84,126,48,14,34,235,21,214,3085,1632,1453,50,29,21,1,1,0,2,1,1,6,3,3,41,24,17,15585,5958,9627,0.8802435456450401,0.43775027959161583,0.5622497204083842,0.0530682925069447,0.008405786644539847,0.4956528013276092,0.087521194848299,0.3068653270319997,0.13088495255961616,0.011638843169527393,0.03233011991535387,0.9405125793557488
2011,87,GHMC (M Corp.) (Part) WARD NO.-0087,1,536,8066,32531,16412,16119,2798,1469,1329,2829,1419,1410,146,78,68,26976,14093,12883,5555,2319,3236,13175,9487,3688,10750,8168,2582,92,54,38,90,66,24,107,72,35,10461,7976,2485,2425,1319,1106,131,64,67,32,21,11,52,18,34,2210,1216,994,2337,1268,1069,130,63,67,31,20,11,43,15,28,2133,1170,963,88,51,37,1,1,0,1,1,0,9,3,6,77,46,31,19356,6925,12431,0.9072747452325699,0.40499830930497066,0.5950016906950294,0.08696320432817928,0.004488026805201193,0.49549660323998646,0.08601026712981463,0.3304540284651563,0.07454428083981433,0.008372093023255815,0.009953488372093023,0.9731162790697674
2011,88,GHMC (M Corp.) (Part) WARD NO.-0088,1,536,9009,36526,18482,18044,3163,1671,1492,4266,2135,2131,615,313,302,29288,15420,13868,7238,3062,4176,15799,10694,5105,11879,8600,3279,245,176,69,133,71,62,467,281,186,11034,8072,2962,3920,2094,1826,144,78,66,80,48,32,182,55,127,3514,1913,1601,3764,2003,1761,139,76,63,73,45,28,167,46,121,3385,1836,1549,156,91,65,5,2,3,7,3,4,15,9,6,129,77,52,20727,7788,12939,0.8778587057518809,0.43254120352625525,0.5674587964737448,0.11679351694683239,0.01683732136012703,0.49400427093029625,0.08659584953184034,0.32522039095438865,0.10732081257186661,0.011196228638774307,0.0393130734910346,0.9288660661671858
2011,89,GHMC (M Corp.) (Part) WARD NO.-0089,1,536,8513,34664,17535,17129,3479,1841,1638,2658,1327,1331,156,80,76,27695,14500,13195,6969,3035,3934,14073,10073,4000,11030,8362,2668,86,43,43,107,67,40,243,141,102,10594,8111,2483,3043,1711,1332,126,49,77,27,14,13,42,18,24,2848,1630,1218,2936,1641,1295,125,49,76,24,12,12,34,14,20,2753,1566,1187,107,70,37,1,0,1,3,2,1,8,4,4,95,64,31,20591,7462,13129,0.8880872214205547,0.4059831525501962,0.5940168474498039,0.07667897530579275,0.004500346180475421,0.4941437802907916,0.10036348949919224,0.3181975536579737,0.08778559889222248,0.00970081595648232,0.022030825022665457,0.9604714415231188
2011,90,GHMC (M Corp.) (Part) WARD NO.-0090,1,536,8218,34899,17690,17209,3885,2050,1835,4386,2180,2206,122,61,61,27164,14242,12922,7735,3448,4287,13314,9623,3691,11044,8364,2680,88,48,40,111,67,44,140,86,54,10705,8163,2542,2270,1259,1011,68,36,32,27,5,22,123,33,90,2052,1185,867,2168,1183,985,67,35,32,27,5,22,116,29,87,1958,1114,844,102,76,26,1,1,0,0,0,0,7,4,3,94,71,23,21585,8067,13518,0.8758625137034888,0.3815009026046592,0.6184990973953408,0.12567695349436947,0.003495802171982005,0.49310868506260924,0.11132124129631221,0.3164560589128628,0.06504484369179632,0.010050706265845708,0.012676566461427018,0.9693045997826875
2011,91,GHMC (M Corp.) (Part) WARD NO.-0091,1,536,6284,28426,14584,13842,3448,1802,1646,1148,610,538,481,244,237,21168,11358,9810,7258,3226,4032,10441,7900,2541,8184,6622,1562,84,65,19,114,65,49,386,294,92,7600,6198,1402,2257,1278,979,86,49,37,46,33,13,79,38,41,2046,1158,888,2032,1109,923,85,49,36,43,31,12,66,31,35,1838,998,840,225,169,56,1,0,1,3,2,1,13,7,6,208,160,48,17985,6684,11301,0.8474657698774922,0.3673045803137972,0.6326954196862028,0.04038556251319215,0.01692112854429044,0.4869485682122001,0.121297403785267,0.2879054386828959,0.07939914163090128,0.013929618768328446,0.04716520039100684,0.9286412512218963
2011,92,GHMC (M Corp.) (Part) WARD NO.-0092,1,536,7007,31697,16384,15313,4188,2227,1961,2295,1183,1112,145,80,65,21993,11783,10210,9704,4601,5103,10563,7989,2574,8432,6752,1680,66,33,33,114,71,43,96,59,37,8156,6589,1567,2131,1237,894,78,36,42,46,39,7,125,93,32,1882,1069,813,1849,1009,840,78,36,42,24,17,7,57,28,29,1690,928,762,282,228,54,0,0,0,22,22,0,68,65,3,192,141,51,21134,8395,12739,0.7994838053000836,0.33324920339464303,0.666750796605357,0.07240432848534561,0.004574565416285453,0.4831056566867527,0.13212606871312743,0.2660188661387513,0.06723033725589173,0.013519924098671726,0.011385199240986717,0.9672675521821632
2011,93,GHMC (M Corp.) (Part) WARD NO.-0093,1,536,6569,26593,13166,13427,2504,1274,1230,2440,1225,1215,199,102,97,21368,10995,10373,5225,2171,3054,11595,7606,3989,8448,6064,2384,151,104,47,117,49,68,128,70,58,8052,5841,2211,3147,1542,1605,118,61,57,51,23,28,32,8,24,2946,1450,1496,3082,1515,1567,118,61,57,50,22,28,28,7,21,2886,1425,1461,65,27,38,0,0,0,1,1,0,4,1,3,60,25,35,14998,5560,9438,0.8870438789488978,0.4360169969540857,0.5639830030459143,0.09175346895799646,0.007483172263377581,0.504907306434024,0.09416011732410785,0.3176775843267025,0.11833941262738315,0.013849431818181818,0.015151515151515152,0.953125
2011,94,GHMC (M Corp.) (Part) WARD NO.-0094,1,536,7072,28887,14539,14348,3096,1624,1472,4136,2075,2061,300,154,146,20933,11266,9667,7954,3273,4681,11115,8139,2976,9021,6996,2025,131,80,51,127,92,35,244,167,77,8519,6657,1862,2094,1143,951,153,71,82,20,11,9,35,15,20,1886,1046,840,1859,992,867,151,71,80,18,10,8,29,11,18,1661,900,761,235,151,84,2,0,2,2,1,1,6,4,2,225,146,79,17772,6400,11372,0.81163971928192,0.38477515837573995,0.61522484162426,0.1431785924464292,0.010385294423096894,0.4966940146086475,0.10717623844635996,0.31228580330252365,0.07248935507321633,0.014078261833499611,0.027047999113180357,0.9443520673982929
2011,95,GHMC (M Corp.) (Part) WARD NO.-0095,1,536,7948,32690,16413,16277,3022,1585,1437,3665,1753,1912,343,173,170,25339,13336,12003,7351,3077,4274,14239,9269,4970,10247,7277,2970,110,63,47,199,116,83,317,218,99,9621,6880,2741,3992,1992,2000,125,51,74,135,53,82,205,75,130,3527,1813,1714,3795,1904,1891,124,50,74,124,49,75,170,60,110,3377,1745,1632,197,88,109,1,1,0,11,4,7,35,15,20,150,68,82,18451,7144,11307,0.8540852096534988,0.4355766289385133,0.5644233710614867,0.11211379626797185,0.010492505353319057,0.4979198531661058,0.09244417252982563,0.31345977363107985,0.12211685530743346,0.01942031814189519,0.030935883673270225,0.9389089489606715
2011,96,GHMC (M Corp.) (Part) WARD NO.-0096,1,536,6237,28768,14846,13922,3523,1820,1703,1711,860,851,349,181,168,20371,11085,9286,8397,3761,4636,11292,8291,3001,8288,6567,1721,40,28,12,185,142,43,424,226,198,7639,6171,1468,3004,1724,1280,56,25,31,46,22,24,146,59,87,2756,1618,1138,2899,1667,1232,55,25,30,43,19,24,133,52,81,2668,1571,1097,105,57,48,1,0,1,3,3,0,13,7,6,88,47,41,17476,6555,10921,0.8069320657555952,0.3925194660734149,0.6074805339265851,0.059475806451612906,0.012131535038932146,0.483940489432703,0.12246245828698554,0.28809788654060065,0.10442157953281424,0.022321428571428572,0.05115830115830116,0.9216940154440154
2011,97,GHMC (M Corp.) (Part) WARD NO.-0097,1,536,8746,35780,18227,17553,3654,1885,1769,4112,2056,2056,266,141,125,28923,15201,13722,6857,3026,3831,13886,10027,3859,12144,9065,3079,152,105,47,78,52,26,255,83,172,11659,8825,2834,1742,962,780,79,40,39,22,11,11,76,27,49,1565,884,681,1605,873,732,78,39,39,18,9,9,65,20,45,1444,805,639,137,89,48,1,1,0,4,2,2,11,7,4,121,79,42,21894,8200,13694,0.9002988233829298,0.3880939072107322,0.6119060927892678,0.11492453884851872,0.007434320849636669,0.49058133035215207,0.10212409167132476,0.3394074902179989,0.04868641699273337,0.006422924901185771,0.02099802371541502,0.960062582345191
2011,98,GHMC (M Corp.) (Part) WARD NO.-0098,1,536,6679,26569,13395,13174,2563,1311,1252,1814,917,897,165,85,80,21316,11062,10254,5253,2333,2920,11062,7588,3474,8628,6236,2392,110,71,39,88,67,21,230,133,97,8200,5965,2235,2434,1352,1082,85,42,43,15,10,5,93,36,57,2241,1264,977,2330,1294,1036,84,41,43,13,8,5,85,32,53,2148,1213,935,104,58,46,1,1,0,2,2,0,8,4,4,93,51,42,15507,5807,9700,0.8879446804965425,0.41634988144077684,0.5836501185592231,0.06827505739771915,0.00621024502239452,0.4958410177274267,0.09646580601452821,0.32473935789830255,0.09161052354247431,0.010199350950394067,0.026657394529439035,0.9503940658321743
2011,99,GHMC (M Corp.) (Part) WARD NO.-0099,1,536,5459,20958,10508,10450,1773,920,853,625,326,299,159,88,71,17371,8927,8444,3587,1581,2006,8759,6090,2669,6808,5259,1549,65,47,18,53,40,13,73,46,27,6617,5126,1491,1951,831,1120,87,42,45,27,19,8,97,14,83,1740,756,984,1908,816,1092,86,42,44,27,19,8,93,13,80,1702,742,960,43,15,28,1,0,1,0,0,0,4,1,3,38,14,24,12199,4418,7781,0.9054469637737816,0.41793110029582975,0.5820688997041702,0.029821547857620003,0.0075866017749785285,0.49861628017940646,0.08459776696249642,0.32484015650348314,0.0930909437923466,0.007784958871915394,0.01072267920094007,0.9719447708578144
2011,100,GHMC (M Corp.) (Part) WARD NO.-0100,1,536,9363,38112,19268,18844,4083,2121,1962,2992,1487,1505,1978,1025,953,29298,15526,13772,8814,3742,5072,16084,11103,4981,11718,8759,2959,238,121,117,175,115,60,270,167,103,11035,8356,2679,4366,2344,2022,142,71,71,78,49,29,124,43,81,4022,2181,1841,4256,2278,1978,138,67,71,78,49,29,118,40,78,3922,2122,1800,110,66,44,4,4,0,0,0,0,6,3,3,100,59,41,22028,8165,13863,0.8609715242881072,0.4220193115029387,0.5779806884970613,0.0785054575986566,0.05189966414777498,0.4944374475230898,0.1071316120906801,0.30746221662468515,0.11455709487825357,0.014934289127837515,0.02304147465437788,0.9417136030039256
2011,101,GHMC (M Corp.) (Part) WARD NO.-0101,1,537,6733,28195,14314,13881,3213,1647,1566,1419,710,709,127,67,60,22698,11911,10787,5497,2403,3094,10095,7705,2390,8912,7053,1859,51,33,18,98,67,31,144,96,48,8619,6857,1762,1183,652,531,17,9,8,18,6,12,28,11,17,1120,626,494,1135,617,518,17,9,8,18,6,12,24,11,13,1076,591,485,48,35,13,0,0,0,0,0,0,4,0,4,44,35,9,18100,6609,11491,0.9085741734048515,0.3580422060649051,0.6419577939350949,0.05032807235325412,0.004504344741975527,0.49232133356978186,0.11395637524383756,0.31608441212981025,0.04195779393509488,0.01099640933572711,0.01615798922800718,0.9671229802513465
2011,102,GHMC (M Corp.) (Part) WARD NO.-0102,1,536,9772,42054,21324,20730,5291,2688,2603,2304,1147,1157,352,198,154,30118,16065,14053,11936,5259,6677,16077,11475,4602,12235,9379,2856,188,128,60,226,136,90,516,388,128,11305,8727,2578,3842,2096,1746,137,73,64,44,26,18,141,76,65,3520,1921,1599,3583,1923,1660,135,71,64,43,26,17,122,65,57,3283,1761,1522,259,173,86,2,2,0,1,0,1,19,11,8,237,160,77,25977,9849,16128,0.8192476130892473,0.3822941931801969,0.6177058068198031,0.054786702810671994,0.008370190707185999,0.4929376515908118,0.12581442906738954,0.29093546392733155,0.09135872925286537,0.018471597874948918,0.042174090723334695,0.9239885574172456
2011,103,GHMC (M Corp.) (Part) WARD NO.-0103,1,536,13470,54039,27560,26479,5996,3091,2905,2351,1185,1166,772,391,381,42520,22481,20039,11519,5079,6440,22817,15782,7035,16965,12717,4248,266,168,98,234,154,80,646,383,263,15819,12012,3807,5852,3065,2787,213,90,123,173,84,89,464,153,311,5002,2738,2264,5499,2832,2667,211,89,122,143,72,71,409,128,281,4736,2543,2193,353,233,120,2,1,1,30,12,18,55,25,30,266,195,71,31222,11778,19444,0.8850404845659097,0.42223209163752107,0.5777679083624789,0.043505616314143486,0.014285978645052648,0.4899979644330946,0.11095690149706694,0.31393993227113753,0.10829215936638353,0.013793103448275862,0.03807839669908635,0.9324491600353669
2011,104,GHMC (M Corp.) (Part) WARD NO.-0104,1,536,7774,30701,15341,15360,2890,1519,1371,1588,801,787,165,85,80,25079,12845,12234,5622,2496,3126,12261,8579,3682,10289,7524,2765,121,63,58,94,57,37,309,80,229,9765,7324,2441,1972,1055,917,120,62,58,28,17,11,79,20,59,1745,956,789,1899,1017,882,118,60,58,25,15,10,70,17,53,1686,925,761,73,38,35,2,2,0,3,2,1,9,3,6,59,31,28,18440,6762,11678,0.901765488475783,0.3993680987589981,0.600631901241002,0.05172469952118824,0.005374417771408097,0.5003094361747175,0.09413374157193577,0.3351356633334419,0.06423243542555616,0.009135970453882787,0.030032073087763633,0.9490718242783556
2011,105,GHMC (M Corp.) (Part) WARD NO.-0105,1,536,15740,69177,35124,34053,8634,4502,4132,5535,2803,2732,1684,863,821,48276,25797,22479,20901,9327,11574,28067,19186,8881,20868,15182,5686,345,191,154,372,220,152,962,628,334,19189,14143,5046,7199,4004,3195,312,132,180,77,45,32,402,126,276,6408,3701,2707,6872,3794,3078,310,130,180,76,44,32,365,111,254,6121,3509,2612,327,210,117,2,2,0,1,1,0,37,15,22,287,192,95,41110,15938,25172,0.7973836777166642,0.4057273371207193,0.5942726628792807,0.08001214276421353,0.024343351113809503,0.4922589878138688,0.12481026930916345,0.30166095667635195,0.10406638044436735,0.017826336975273145,0.04609929078014184,0.9195418823078397
2011,106,GHMC (M Corp.) (Part) WARD NO.-0106,1,536,10566,43270,22667,20603,4904,2539,2365,2870,1461,1409,608,318,290,33210,18228,14982,10060,4439,5621,18232,13239,4993,13525,10579,2946,222,143,79,184,118,66,544,344,200,12575,9974,2601,4707,2660,2047,225,104,121,41,28,13,217,93,124,4224,2435,1789,4558,2572,1986,224,104,120,40,28,12,193,79,114,4101,2361,1740,149,88,61,1,0,1,1,0,1,24,14,10,123,74,49,25038,9428,15610,0.8656101756763801,0.42135428703489713,0.5786457129651028,0.0663277097296048,0.014051305754564364,0.4761497573376473,0.11333487404668362,0.31257222093829445,0.10878206609660272,0.013604436229205175,0.04022181146025878,0.9297597042513863
2011,107,GHMC (M Corp.) (Part) WARD NO.-0107,1,536,13866,60103,31403,28700,8536,4436,4100,4383,2261,2122,753,416,337,38303,21626,16677,21800,9777,12023,24786,17587,7199,18901,14202,4699,223,121,102,244,168,76,825,456,369,17609,13457,4152,5885,3385,2500,206,72,134,70,35,35,327,131,196,5282,3147,2135,5495,3158,2337,200,70,130,63,33,30,287,111,176,4945,2944,2001,390,227,163,6,2,4,7,2,5,40,20,20,337,203,134,35317,13816,21501,0.7427812360618224,0.412392060296491,0.587607939703509,0.07292481240537078,0.012528492754105452,0.4775136016505,0.14202286075570272,0.31447681480125783,0.09791524549523319,0.012909369874609809,0.043648484207184805,0.9316438283688694
2011,108,GHMC (M Corp.) (Part) WARD NO.-0108,1,536,9223,40905,21143,19762,5479,2934,2545,3230,1620,1610,719,354,365,27961,15264,12697,12944,5879,7065,14958,11277,3681,11203,9001,2202,195,110,85,250,170,80,328,234,94,10430,8487,1943,3755,2276,1479,178,73,105,181,124,57,161,83,78,3235,1996,1239,3552,2152,1400,178,73,105,175,119,56,141,77,64,3058,1883,1175,203,124,79,0,0,0,6,5,1,20,6,14,177,113,64,25947,9866,16081,0.7892790605769774,0.36567656765676565,0.6343234323432343,0.07896345190074563,0.017577313286884243,0.48311942305341643,0.1339445055616673,0.2738784989610072,0.09179806869575846,0.022315451218423637,0.029277871998571812,0.9310006248326341
2011,109,GHMC (M Corp.) (Part) WARD NO.-0109,1,536,12367,51014,26031,24983,5832,2999,2833,4160,2126,2034,1252,634,618,35339,19180,16159,15675,6851,8824,23088,15533,7555,19332,13592,5740,168,88,80,243,157,86,1130,642,488,17791,12705,5086,3756,1941,1815,101,41,60,130,84,46,182,81,101,3343,1735,1608,3459,1784,1675,101,41,60,78,43,35,155,67,88,3125,1633,1492,297,157,140,0,0,0,52,41,11,27,14,13,218,102,116,27926,10498,17428,0.7821477579567084,0.45258164425451836,0.5474183557454816,0.08154624220802133,0.02454228251068334,0.4897283098757204,0.11432155878778374,0.37895479672246835,0.07362684753205002,0.012569832402234637,0.058452307055659014,0.9202876060417959
2011,110,GHMC (M Corp.) (Part) WARD NO.-0110,1,536,8170,39937,20415,19522,5543,2882,2661,1929,943,986,284,148,136,29582,15777,13805,10355,4638,5717,13802,10459,3343,11484,9268,2216,81,51,30,237,183,54,92,52,40,11074,8982,2092,2318,1191,1127,60,31,29,30,18,12,57,17,40,2171,1125,1046,2227,1137,1090,60,31,29,27,16,11,47,13,34,2093,1077,1016,91,54,37,0,0,0,3,2,1,10,4,6,78,48,30,26135,9956,16179,0.8600918764900854,0.3455943110398878,0.6544056889601122,0.048301074191852165,0.007111200140220848,0.4888198913288429,0.1387935999198738,0.28755289581090215,0.058041415228985656,0.020637408568443052,0.008011145942180425,0.9642981539533264
2011,111,GHMC (M Corp.) (Part) WARD NO.-0111,1,537,11784,54122,28831,25291,6353,3317,3036,5968,3105,2863,1487,797,690,39502,22383,17119,14620,6448,8172,19834,14153,5681,16591,12378,4213,104,65,39,314,207,107,544,304,240,15629,11802,3827,3243,1775,1468,55,32,23,105,57,48,184,49,135,2899,1637,1262,2647,1458,1189,54,31,23,78,40,38,152,34,118,2363,1353,1010,596,317,279,1,1,0,27,17,10,32,15,17,536,284,252,34288,14678,19610,0.8269379723251481,0.3664683492849488,0.6335316507150511,0.11026939137504158,0.027474963970289347,0.4672961087912494,0.11738294963231219,0.3065481689516278,0.05992018033332101,0.018925923693568804,0.03278886143089627,0.9420167560725695
2011,112,GHMC (M Corp.) (Part) WARD NO.-0112,1,537,22527,93141,48202,44939,12635,6605,6030,6574,3323,3251,1867,1002,865,61981,34207,27774,31160,13995,17165,38019,27421,10598,29630,22570,7060,218,122,96,738,520,218,1054,562,492,27620,21366,6254,8389,4851,3538,118,54,64,374,258,116,984,486,498,6913,4053,2860,6877,3743,3134,113,50,63,181,100,81,578,173,405,6005,3420,2585,1512,1108,404,5,4,1,193,158,35,406,313,93,908,633,275,55122,20781,34341,0.7698929272352372,0.40818758656230875,0.5918124134376912,0.07058116189433225,0.02004487819542414,0.48248354645107955,0.13565454525933798,0.318119839812757,0.09006774674955176,0.024907188660141747,0.035572055349308136,0.9321633479581505
2011,113,GHMC (M Corp.) (Part) WARD NO.-0113,1,537,19378,78284,40768,37516,9815,5116,4699,5492,2862,2630,2010,1049,961,56613,30799,25814,21671,9969,11702,31357,22826,8531,26619,20104,6515,289,210,79,777,509,268,1001,661,340,24552,18724,5828,4738,2722,2016,106,60,46,339,261,78,293,89,204,4000,2312,1688,4438,2547,1891,105,59,46,325,256,69,221,43,178,3787,2189,1598,300,175,125,1,1,0,14,5,9,72,46,26,213,123,90,46927,17942,28985,0.8268413442579854,0.4005543917020081,0.5994456082979919,0.07015482090848704,0.025675744724337028,0.47922947217822287,0.12537683306933728,0.340031168565735,0.060523223136273056,0.029189676546827453,0.037604718434201136,0.9223486982982081
2011,114,GHMC (M Corp.) (Part) WARD NO.-0114,1,537,20925,83773,42755,41018,10091,5185,4906,3919,2018,1901,1285,670,615,64105,34019,30086,19668,8736,10932,33170,24387,8783,27737,21529,6208,219,126,93,699,479,220,1269,847,422,25550,20077,5473,5433,2858,2575,98,51,47,131,62,69,564,243,321,4640,2502,2138,5204,2722,2482,97,50,47,125,57,68,524,221,303,4458,2394,2064,229,136,93,1,1,0,6,5,1,40,22,18,182,108,74,50603,18368,32235,0.8700225292473059,0.39595096272068564,0.6040490372793144,0.04678118248122903,0.015339071061081733,0.4896326978859537,0.12045647165554535,0.3310971315340265,0.06485383118665919,0.02520099506074918,0.045751162706853664,0.9211522515052096
2011,115,GHMC (M Corp.) WARD NO.-0115,1,535,16868,70187,35606,34581,8429,4302,4127,8191,4140,4051,1045,508,537,50759,27556,23203,19428,8050,11378,25310,19327,5983,20495,16235,4260,165,126,39,377,262,115,1227,968,259,18726,14879,3847,4815,3092,1723,37,19,18,296,181,115,397,269,128,4085,2623,1462,3443,2167,1276,34,17,17,181,111,70,247,153,94,2981,1886,1095,1372,925,447,3,2,1,115,70,45,150,116,34,1104,737,367,44877,16279,28598,0.8219016159849736,0.3606080898172026,0.6393919101827974,0.11670252325929303,0.014888797070682604,0.4926980779916509,0.12009346460170686,0.29200564207046886,0.06860244774673373,0.01839473042205416,0.05986826055135399,0.9136862649426689
2011,116,GHMC (M Corp.) (Part) WARD NO.-0116,1,535,11067,46255,23971,22284,6185,3128,3057,4605,2353,2252,517,280,237,32644,18345,14299,13611,5626,7985,16200,13271,2929,13055,11055,2000,100,81,19,527,369,158,481,410,71,11947,10195,1752,3145,2216,929,38,26,12,216,114,102,171,125,46,2720,1951,769,2615,1837,778,38,26,12,182,100,82,97,63,34,2298,1648,650,530,379,151,0,0,0,34,14,20,74,62,12,422,303,119,30055,10700,19355,0.8146743199401049,0.35023240730731814,0.6497675926926819,0.09955680466976544,0.01117717003567182,0.4817641336071776,0.1337152740244298,0.28223975786401473,0.06799264944330342,0.04036767522022214,0.03684412102642665,0.9151283033320566
2011,117,GHMC (M Corp.) (Part) WARD NO.-0117,1,537,18596,69083,35402,33681,7365,3843,3522,1421,744,677,1801,927,874,57015,29885,27130,12068,5517,6551,29252,20908,8344,23528,17713,5815,274,168,106,299,179,120,820,582,238,22135,16784,5351,5724,3195,2529,201,93,108,167,107,60,152,60,92,5204,2935,2269,5542,3088,2454,200,92,108,161,102,59,128,51,77,5053,2843,2210,182,107,75,1,1,0,6,5,1,24,9,15,151,92,59,39831,14494,25337,0.9237985676787971,0.4234326824254882,0.5765673175745119,0.02056945992501773,0.026070089602362376,0.4875439688490656,0.1066108883516929,0.3405758290751704,0.08285685335031773,0.012708262495749745,0.03485209112546753,0.9407939476368582
2011,118,GHMC (M Corp.) (Part) WARD NO.-0118,1,537,12392,52236,26782,25454,6567,3401,3166,1681,886,795,1251,656,595,35396,19210,16186,16840,7572,9268,20489,15199,5290,16864,13000,3864,263,105,158,181,129,52,653,439,214,15767,12327,3440,3625,2199,1426,73,38,35,301,181,120,457,223,234,2794,1757,1037,3532,2145,1387,72,38,34,291,175,116,433,211,222,2736,1721,1015,93,54,39,1,0,1,10,6,4,24,12,12,58,36,22,31747,11583,20164,0.7750552891458101,0.3922390688414121,0.607760931158588,0.032180871429665366,0.023949000689179874,0.48728846006585497,0.1257178957041121,0.3228424841105751,0.06939658473083697,0.01073292220113852,0.03872153700189753,0.9349501897533207
2011,119,GHMC (M Corp.) (Part) WARD NO.-0119,1,537,20206,83665,43211,40454,11251,5763,5488,2820,1456,1364,1008,509,499,60064,32538,27526,23601,10673,12928,31816,24295,7521,26041,20880,5161,152,98,54,423,298,125,542,326,216,24924,20158,4766,5775,3415,2360,96,51,45,70,42,28,226,64,162,5383,3258,2125,5400,3216,2184,95,50,45,68,40,28,161,50,111,5076,3076,2000,375,199,176,1,1,0,2,2,0,65,14,51,307,182,125,51849,18916,32933,0.8294528682299003,0.38027849160341837,0.6197215083965816,0.03370585071415765,0.012048048765911671,0.48352357616685593,0.13447678240602404,0.31125321221538277,0.06902527938803561,0.016243615836565417,0.020813332821320227,0.957106101916209
2011,120,GHMC (M Corp.) (Part) WARD NO.-0120,1,537,9586,41373,21321,20052,5140,2681,2459,3832,1946,1886,1019,509,510,28329,15600,12729,13044,5721,7323,16052,11918,4134,13390,10523,2867,68,45,23,593,444,149,859,625,234,11870,9409,2461,2662,1395,1267,61,28,33,71,46,25,219,88,131,2311,1233,1078,2356,1208,1148,60,28,32,60,39,21,126,44,82,2110,1097,1013,306,187,119,1,0,1,11,7,4,93,44,49,201,136,65,25321,9403,15918,0.7818563188253802,0.3879825006646847,0.6120174993353154,0.09262079133734562,0.024629589345708552,0.4846639112464651,0.1242356125975878,0.3236410219225099,0.06434147874217484,0.044286781179985066,0.06415235250186707,0.8864824495892457
2011,121,GHMC (M Corp.) (Part) WARD NO.-0121,1,537,16514,71076,36483,34593,8260,4327,3933,3470,1753,1717,2838,1488,1350,53700,28705,24995,17376,7778,9598,25606,19719,5887,21621,17273,4348,446,232,214,477,345,132,690,445,245,20008,16251,3757,3985,2446,1539,237,107,130,52,34,18,118,52,66,3578,2253,1325,3840,2366,1474,235,106,129,47,30,17,93,38,55,3465,2192,1273,145,80,65,2,1,1,5,4,1,25,14,11,113,61,52,45470,16764,28706,0.8548777381558839,0.3602622544881535,0.6397377455118465,0.04882098035905228,0.03992908998818166,0.48670437278406214,0.11621363048004953,0.30419550903258485,0.05606674545556869,0.022061884279173025,0.03191341751075343,0.9253966051523981
2011,122,GHMC (M Corp.) (Part) WARD NO.-0122,1,537,11275,45374,23352,22022,5464,2828,2636,4455,2258,2197,816,426,390,32081,17552,14529,13293,5800,7493,18895,13547,5348,16174,12171,4003,124,81,43,241,164,77,667,445,222,15142,11481,3661,2721,1376,1345,59,34,25,149,100,49,178,96,82,2335,1146,1189,2534,1267,1267,58,33,25,97,60,37,139,73,66,2240,1101,1139,187,109,78,1,1,0,52,40,12,39,23,16,95,45,50,26479,9805,16674,0.8038336256577299,0.41642791025697534,0.5835720897430247,0.09818398201613258,0.017983867413055934,0.4853440296204875,0.12042138669722749,0.35645964649358663,0.05996826376338873,0.014900457524421911,0.04123902559663658,0.9361938914306912
2011,123,GHMC (M Corp.) (Part) WARD NO.-0123,1,537,16919,67730,34758,32972,7975,4176,3799,4534,2335,2199,1157,603,554,50477,27181,23296,17253,7577,9676,27605,19992,7613,22493,17483,5010,179,112,67,410,301,109,989,594,395,20915,16476,4439,5112,2509,2603,118,54,64,136,84,52,461,125,336,4397,2246,2151,4738,2301,2437,116,54,62,125,78,47,408,97,311,4089,2072,2017,374,208,166,2,0,2,11,6,5,53,28,25,308,174,134,40125,14766,25359,0.8447326583549494,0.4075741916432895,0.5924258083567104,0.06694227078104237,0.01708253358925144,0.48681529602834783,0.11774693636497859,0.3320980363206851,0.07547615532260446,0.018227893122304717,0.043969234873071625,0.9298448406170808
2011,124,GHMC (M Corp.) (Part) WARD NO.-0124,1,537,22167,87393,44864,42529,10139,5246,4893,3225,1652,1573,1858,966,892,65690,34914,30776,21703,9950,11753,34865,25769,9096,28954,22841,6113,359,244,115,557,394,163,903,644,259,27135,21559,5576,5911,2928,2983,194,91,103,511,312,199,426,104,322,4780,2421,2359,5627,2768,2859,190,90,100,473,292,181,386,91,295,4578,2295,2283,284,160,124,4,1,3,38,20,18,40,13,27,202,126,76,52528,19095,33433,0.8503119579568695,0.39894499559461283,0.6010550044053872,0.03690226906045107,0.021260284004439713,0.4866408064719142,0.11601615690043825,0.3313079994965272,0.06763699609808566,0.019237411065828557,0.031187400704565865,0.9371762105408579
2011,125,GHMC (M Corp.) WARD NO.-0125,1,537,13135,58278,29983,28295,8397,4237,4160,5222,2666,2556,663,350,313,36626,20303,16323,21652,9680,11972,20826,16445,4381,18381,15105,3276,176,85,91,302,236,66,273,158,115,17630,14626,3004,2445,1340,1105,52,25,27,76,45,31,132,23,109,2185,1247,938,2241,1207,1034,52,25,27,65,36,29,122,20,102,2002,1126,876,204,133,71,0,0,0,11,9,2,10,3,7,183,121,62,37452,13538,23914,0.7342675567851487,0.3573561206630289,0.6426438793369711,0.08960499673976458,0.011376505713991557,0.4855176910669549,0.1440852465767528,0.31540203850509624,0.04195408215793267,0.016430009248680703,0.014852293128774278,0.959142592894837
2011,126,GHMC (M Corp.) WARD NO.-0126,1,537,13491,56774,29244,27530,7703,3930,3773,3841,1939,1902,596,309,287,39108,21651,17457,17666,7593,10073,20767,16061,4706,18273,14853,3420,141,68,73,206,163,43,670,451,219,17256,14171,3085,2494,1208,1286,76,41,35,56,28,28,319,118,201,2043,1021,1022,2268,1058,1210,76,41,35,47,20,27,220,48,172,1925,949,976,226,150,76,0,0,0,9,8,1,99,70,29,118,72,46,36007,13183,22824,0.796967659106193,0.3657836333532955,0.6342163666467044,0.06765420791207243,0.010497763060555889,0.4849050621763483,0.13567830344876175,0.3218550745059358,0.04392855884735971,0.01127346358014557,0.03666611941115307,0.9443441142669512
2011,127,GHMC (M Corp.) WARD NO.-0127,1,537,12356,48437,25143,23294,5863,3001,2862,3918,2040,1878,679,366,313,35903,20019,15884,12534,5124,7410,19922,14875,5047,16964,13564,3400,94,48,46,276,209,67,985,771,214,15609,12536,3073,2958,1311,1647,39,15,24,46,18,28,262,46,216,2611,1232,1379,2849,1259,1590,39,15,24,45,17,28,236,38,198,2529,1189,1340,109,52,57,0,0,0,1,1,0,26,8,18,82,43,39,28515,10268,18247,0.8433081223281815,0.4112971488737948,0.5887028511262051,0.08088857691434234,0.014018209220224209,0.480913351363627,0.1210438301298594,0.3502281313871627,0.06106901748663212,0.01626974770101391,0.058064135817024284,0.9201249705258194
2011,128,GHMC (M Corp.) WARD NO.-0128,1,537,14016,55187,28559,26628,7035,3651,3384,3726,1911,1815,1382,711,671,40296,21997,18299,14891,6562,8329,21950,16707,5243,18097,14381,3716,123,74,49,300,208,92,495,343,152,17179,13756,3423,3853,2326,1527,94,43,51,55,32,23,125,66,59,3579,2185,1394,3443,2015,1428,94,43,51,50,29,21,99,52,47,3200,1891,1309,410,311,99,0,0,0,5,3,2,26,14,12,379,294,85,33237,11852,21385,0.8368499750789168,0.39773859785819127,0.6022614021418088,0.0675159004838096,0.02504212948701687,0.4825049377570805,0.12747567361878703,0.32792143077173974,0.06981716708645153,0.016577333259656296,0.02735259987843289,0.9492733602254517
2011,129,GHMC (M Corp.) WARD NO.-0129,1,537,13394,52956,27112,25844,6691,3477,3214,3785,1900,1885,1362,716,646,37379,20306,17073,15577,6806,8771,21328,15670,5658,18299,14153,4146,91,63,28,351,216,135,2526,1954,572,15331,11920,3411,3029,1517,1512,41,26,15,67,45,22,176,105,71,2745,1341,1404,2884,1437,1447,40,25,15,65,44,21,139,77,62,2640,1291,1349,145,80,65,1,1,0,2,1,1,37,28,9,105,50,55,31628,11442,20186,0.8079325624121907,0.4027494523755571,0.597250547624443,0.07147443160359544,0.025719465216406074,0.48802779666137924,0.12635017750585392,0.34555102349120026,0.057198428884356826,0.01918137603147713,0.13804033007268157,0.8378053445543472
2011,130,GHMC (M Corp.) WARD NO.-0130,1,537,17160,67032,34451,32581,8344,4299,4045,4766,2398,2368,726,328,398,49609,26882,22727,17423,7569,9854,26731,20435,6296,22847,18069,4778,254,181,73,526,366,160,961,777,184,21106,16745,4361,3884,2366,1518,103,53,50,198,138,60,195,113,82,3388,2062,1326,3605,2191,1414,103,53,50,179,122,57,172,101,71,3151,1915,1236,279,175,104,0,0,0,19,16,3,23,12,11,237,147,90,40301,14016,26285,0.845300572519084,0.3987796873135219,0.6012203126864781,0.07110036997255043,0.01083064804869316,0.4860514381191073,0.12447786131996658,0.3408372120778136,0.05794247523570832,0.023022716330371604,0.04206241519674356,0.9237974351118309
2011,131,GHMC (M Corp.) WARD NO.-0131,1,537,11323,44990,22944,22046,5583,2840,2743,2989,1526,1463,767,394,373,33822,18175,15647,11168,4769,6399,16476,12856,3620,14494,11777,2717,93,50,43,150,93,57,721,563,158,13530,11071,2459,1982,1079,903,40,17,23,55,27,28,129,83,46,1758,952,806,1868,1012,856,38,16,22,43,18,25,114,72,42,1673,906,767,114,67,47,2,1,1,12,9,3,15,11,4,85,46,39,28514,10088,18426,0.8582739107265207,0.3662147143809735,0.6337852856190265,0.0664369859968882,0.01704823294065348,0.4900200044454323,0.1240942431651478,0.32216048010669035,0.04405423427428318,0.010349109976542018,0.04974472195391196,0.93348971988409
2011,132,GHMC (M Corp.) WARD NO.-0132,1,537,14942,62237,31326,30911,6544,3340,3204,11574,5776,5798,1023,500,523,48568,25511,23057,13669,5815,7854,25044,17448,7596,21231,15531,5700,204,111,93,427,281,146,538,378,160,20062,14761,5301,3813,1917,1896,84,53,31,118,67,51,141,63,78,3470,1734,1736,3573,1789,1784,83,53,30,104,58,46,104,43,61,3282,1635,1647,240,128,112,1,0,1,14,9,5,37,20,17,188,99,89,37193,13878,23315,0.8720665074605426,0.40239728778700773,0.5976027122129923,0.185966547230747,0.016437167601266126,0.4966659704034577,0.10514645628806016,0.3411314812731976,0.06126580651381011,0.020112100230794593,0.025340304272055015,0.9449390042861853
2011,133,GHMC (M Corp.) WARD NO.-0133,1,537,13387,57310,28949,28361,6356,3262,3094,8245,4168,4077,890,454,436,43087,22981,20106,14223,5968,8255,22562,16358,6204,17868,13700,4168,208,149,59,264,166,98,370,251,119,17026,13134,3892,4694,2658,2036,244,176,68,132,87,45,128,60,68,4190,2335,1855,4336,2445,1891,239,172,67,126,83,43,107,49,58,3864,2141,1723,358,213,145,5,4,1,6,4,2,21,11,10,326,194,132,34748,12591,22157,0.8456058405620756,0.3936834758331879,0.606316524166812,0.14386668993194904,0.015529575990228582,0.49487000523468855,0.11090560111673356,0.3117780492060722,0.08190542662711568,0.014775016789791807,0.020707409894783972,0.9528766509961943
2011,134,GHMC (M Corp.) WARD NO.-0134,2,537,10455,42870,21394,21476,4103,2079,2024,9484,4640,4844,509,246,263,33960,17787,16173,8910,3607,5303,15942,11515,4427,13266,9997,3269,188,139,49,331,223,108,530,363,167,12217,9272,2945,2676,1518,1158,69,34,35,56,31,25,96,47,49,2455,1406,1049,2425,1358,1067,68,34,34,53,29,24,73,38,35,2231,1257,974,251,160,91,1,0,1,3,2,1,23,9,14,224,149,75,26928,9879,17049,0.876002785874584,0.37186843946815956,0.6281315605318405,0.2212269652437602,0.011873104735246092,0.5009563797527409,0.09570795428038255,0.30944716585024495,0.06242127361791463,0.024951002562942862,0.039951756369666816,0.9209256746570179
2011,135,GHMC (M Corp.) WARD NO.-0135,1,537,12482,51033,25438,25595,4940,2579,2361,4704,2342,2362,874,470,404,39900,20810,19090,11133,4628,6505,20571,13762,6809,15559,11217,4342,156,90,66,204,113,91,1183,772,411,14016,10242,3774,5012,2545,2467,185,81,104,61,33,28,213,87,126,4553,2344,2209,4769,2399,2370,184,81,103,53,28,25,185,74,111,4347,2216,2131,243,146,97,1,0,1,8,5,3,28,13,15,206,128,78,30462,11676,18786,0.8656412036534832,0.40309211686555757,0.5969078831344424,0.09217565104932103,0.017126173260439324,0.5015382203672134,0.09680010973291792,0.30488115533086435,0.09821096153469323,0.013111382479593803,0.07603316408509544,0.9008291021273861
2011,136,GHMC (M Corp.) WARD NO.-0136,1,537,14704,61858,31189,30669,6903,3615,3288,3075,1570,1505,704,364,340,46722,24568,22154,15136,6621,8515,23961,17366,6595,18493,14252,4241,360,264,96,737,412,325,622,466,156,16774,13110,3664,5468,3114,2354,276,169,107,179,63,116,219,68,151,4794,2814,1980,4785,2598,2187,272,166,106,160,49,111,189,54,135,4164,2329,1835,683,516,167,4,3,1,19,14,5,30,14,16,630,485,145,37897,13823,24074,0.8501865162405604,0.3873549096317372,0.6126450903682628,0.049710627566361666,0.011380904652591419,0.4957968249862589,0.1115942966148275,0.2989589058812118,0.08839600375052539,0.03985291732006705,0.03363434813172552,0.9070459092629644
2011,137,GHMC (M Corp.) WARD NO.-0137,1,537,13413,54205,27347,26858,5125,2616,2509,3771,1850,1921,386,205,181,44122,23139,20983,10083,4208,5875,21284,15562,5722,17614,13546,4068,174,101,73,236,172,64,834,606,228,16370,12667,3703,3670,2016,1654,117,43,74,78,34,44,311,85,226,3164,1854,1310,3414,1850,1564,116,42,74,74,31,43,271,65,206,2953,1712,1241,256,166,90,1,1,0,4,3,1,40,20,20,211,142,69,32921,11785,21136,0.8989812550937245,0.3926575039203026,0.6073424960796975,0.06956922793100268,0.007121114288349783,0.4954893460012914,0.09454847338806383,0.3249515727331427,0.06770593118715985,0.013398433064607699,0.047348699897808565,0.9293743613035086
2011,138,GHMC (M Corp.) WARD NO.-0138,1,537,12111,48990,24581,24409,4625,2397,2228,4823,2427,2396,1398,723,675,38352,20294,18058,10638,4287,6351,20404,14239,6165,15921,11964,3957,415,253,162,315,223,92,419,276,143,14772,11212,3560,4483,2275,2208,199,85,114,67,27,40,189,64,125,4028,2099,1929,4350,2193,2157,198,84,114,62,24,38,174,54,120,3916,2031,1885,133,82,51,1,1,0,5,3,2,15,10,5,112,68,44,28586,10342,18244,0.8644652316014877,0.41649316186976937,0.5835068381302306,0.09844866299244744,0.02853643600734844,0.49824453970198,0.09440702184119208,0.32498469075321496,0.0915084711165544,0.01978518937252685,0.02631744237171032,0.9278311663840211
2011,139,GHMC (M Corp.) WARD NO.-0139,1,537,12478,51642,26223,25419,5522,2781,2741,6834,3419,3415,1144,579,565,40709,21618,19091,10933,4605,6328,19647,14534,5113,16093,12734,3359,140,87,53,135,90,45,444,307,137,15374,12250,3124,3554,1800,1754,134,51,83,27,10,17,227,55,172,3166,1684,1482,3243,1634,1609,134,51,83,26,10,16,149,32,117,2934,1541,1393,311,166,145,0,0,0,1,0,1,78,23,55,232,143,89,31995,11689,20306,0.8826756287944493,0.38044614848379227,0.6195538515162078,0.13233414662484025,0.02215251152162968,0.4922156384338329,0.10692846907555865,0.311626195732156,0.06881995275163627,0.008388740446156714,0.027589635245137637,0.9553221897719505
2011,140,GHMC (M Corp.) (Part) WARD NO.-0140,1,536,13038,52831,26365,26466,5218,2716,2502,7986,3938,4048,705,358,347,41425,21657,19768,11406,4708,6698,18950,13881,5069,14857,11313,3544,168,132,36,219,138,81,671,540,131,13799,10503,3296,4093,2568,1525,81,46,35,87,57,30,137,73,64,3788,2392,1396,3841,2407,1434,81,46,35,80,51,29,121,68,53,3559,2242,1317,252,161,91,0,0,0,7,6,1,16,5,11,229,150,79,33881,12484,21397,0.8700354945078025,0.358690920103727,0.6413090798962731,0.15116125002366035,0.013344437924703299,0.5009558781775851,0.09876776892354867,0.2812174670174708,0.07747345308625618,0.014740526351214915,0.045163895806690446,0.9287877768055463
2011,141,GHMC (M Corp.) (Part) WARD NO.-0141,1,536,8205,33742,16926,16816,2819,1460,1359,5313,2610,2703,1379,671,708,27153,14292,12861,6589,2634,3955,12440,8958,3482,10514,7917,2597,58,34,24,78,47,31,129,86,43,10249,7750,2499,1926,1041,885,68,33,35,13,7,6,42,25,17,1803,976,827,1843,988,855,68,33,35,12,7,5,29,15,14,1734,933,801,83,53,30,0,0,0,1,0,1,13,10,3,69,43,26,21302,7968,13334,0.8780842738414772,0.3686799834034734,0.6313200165965266,0.15745954596645131,0.040868946713295,0.4983699839962065,0.08354572935807006,0.3115997866160868,0.05708019678738664,0.007418679855430854,0.012269355145520258,0.9747955107475746
2011,142,GHMC (M Corp.) (Part) WARD NO.-0142,1,536,5591,24089,12253,11836,2646,1448,1198,1693,864,829,263,131,132,18167,9816,8351,5922,2437,3485,10293,6895,3398,8314,5846,2468,122,69,53,81,41,40,141,91,50,7970,5645,2325,1979,1049,930,66,38,28,25,15,10,65,31,34,1823,965,858,1775,944,831,66,38,28,24,14,10,46,22,24,1639,870,769,204,105,99,0,0,0,1,1,0,19,9,10,184,95,89,13796,5358,8438,0.8472228699342442,0.4272904645273776,0.5727095354726224,0.07028104113910914,0.010917846319897048,0.49134459711901696,0.10984266677736726,0.3451367844244261,0.08215368010295156,0.009742602838585518,0.016959345681982197,0.958624007697859
2011,143,GHMC (M Corp.) (Part) WARD NO.-0143,1,536,12324,52527,26748,25779,6048,3198,2850,1865,949,916,208,110,98,39931,21270,18661,12596,5478,7118,19131,14557,4574,16051,12638,3413,101,63,38,137,90,47,389,258,131,15424,12227,3197,3080,1919,1161,118,60,58,152,67,85,300,122,178,2510,1670,840,2519,1559,960,117,60,57,136,54,82,182,84,98,2084,1361,723,561,360,201,1,0,1,16,13,3,118,38,80,426,309,117,33396,12191,21205,0.8591191720992276,0.3642126906162545,0.6357873093837455,0.03550554952690997,0.003959868258229101,0.4907761722542692,0.11514078473927694,0.3055761798694005,0.058636510746854,0.008535293751168151,0.02423525014017818,0.9609370132702012
2011,144,GHMC (M Corp.) (Part) WARD NO.-0144,1,536,8075,34190,17184,17006,3701,1854,1847,2095,1043,1052,662,335,327,26737,14033,12704,7453,3151,4302,12073,9151,2922,10204,7934,2270,89,61,28,143,87,56,305,216,89,9667,7570,2097,1869,1217,652,35,15,20,24,13,11,165,132,33,1645,1057,588,1756,1151,605,35,15,20,22,12,10,162,130,32,1537,994,543,113,66,47,0,0,0,2,1,1,3,2,1,108,63,45,22117,8033,14084,0.8769392239824199,0.35311494589061126,0.6468850541093887,0.06127522667446622,0.019362386662766892,0.4973968996782685,0.10824802573852003,0.2984498391342498,0.054665106756361506,0.014014112112896902,0.029890239121912975,0.947373578988632
2011,145,GHMC (M Corp.) (Part) WARD NO.-0145,1,536,8240,34659,16654,18005,3380,1642,1738,5062,2410,2652,258,128,130,26156,13238,12918,8503,3416,5087,13969,9463,4506,11022,7861,3161,201,125,76,117,51,66,139,88,51,10565,7597,2968,2947,1602,1345,112,51,61,75,37,38,43,17,26,2717,1497,1220,2894,1577,1317,111,51,60,75,37,38,40,17,23,2668,1472,1196,53,25,28,1,0,1,0,0,0,3,0,3,49,25,24,20690,7191,13499,0.8362159915598325,0.4030410571568712,0.5969589428431288,0.14605153062696558,0.007443953951354627,0.5194898871865894,0.09752156726968464,0.3180126374101965,0.08502841974667474,0.010615133369624387,0.012611141353656324,0.9585374705135185
2011,146,GHMC (M Corp.) (Part) WARD NO.-0146,1,536,6909,29920,15171,14749,2971,1585,1386,4239,2094,2145,155,84,71,22455,11983,10472,7465,3188,4277,12079,8671,3408,9882,7521,2361,148,84,64,222,141,81,261,162,99,9251,7134,2117,2197,1150,1047,139,59,80,43,16,27,226,69,157,1789,1006,783,1798,908,890,109,46,63,37,11,26,145,32,113,1507,819,688,399,242,157,30,13,17,6,5,1,81,37,44,282,187,95,17841,6500,11341,0.8332405655126349,0.4037098930481283,0.5962901069518717,0.141677807486631,0.00518048128342246,0.4929478609625668,0.099298128342246,0.3302807486631016,0.07342914438502673,0.022465088038858532,0.026411657559198543,0.9361465290427039
2011,147,GHMC (M Corp.) (Part) WARD NO.-0147,1,536,9489,41336,21092,20244,4005,2070,1935,2510,1234,1276,61,32,29,33104,17495,15609,8232,3597,4635,15621,12010,3611,12913,10563,2350,261,206,55,127,76,51,524,409,115,12001,9872,2129,2708,1447,1261,96,54,42,49,27,22,173,82,91,2390,1284,1106,2460,1256,1204,94,52,42,48,26,22,150,68,82,2168,1110,1058,248,191,57,2,2,0,1,1,0,23,14,9,222,174,48,25715,9082,16633,0.8867697088210871,0.37790303851364426,0.6220969614863557,0.06072188891039288,0.0014757112444358429,0.4897425972517902,0.09688891039287788,0.3123911360557383,0.06551190245790595,0.00983504994966313,0.040579261209633705,0.9293734995740727
2011,148,GHMC (M Corp.) (Part) WARD NO.-0148,2,536; 537,12383,51326,26059,25267,5326,2782,2544,4038,1997,2041,753,393,360,37674,19984,17690,13652,6075,7577,20762,14528,6234,16005,11952,4053,256,170,86,198,115,83,403,237,166,15148,11430,3718,4757,2576,2181,87,28,59,46,28,18,99,32,67,4525,2488,2037,4450,2372,2078,86,28,58,43,27,16,83,25,58,4238,2292,1946,307,204,103,1,0,1,3,1,2,16,7,9,287,196,91,30564,11531,19033,0.819,0.4045123329306784,0.5954876670693215,0.07867357674472977,0.014670927015547676,0.49228461208744106,0.1037680707633558,0.3118302614659237,0.09268207146475471,0.012371134020618556,0.025179631365198376,0.9464542330521712
2011,149,GHMC (M Corp.) (Part) WARD NO.-0149,1,536,8050,31948,15796,16152,2920,1507,1413,3142,1575,1567,189,94,95,25108,12844,12264,6840,2952,3888,13158,8838,4320,10162,7426,2736,72,50,22,92,58,34,224,154,70,9774,7164,2610,2996,1412,1584,81,41,40,20,7,13,50,19,31,2845,1345,1500,2892,1356,1536,78,41,37,20,7,13,31,11,20,2763,1297,1466,104,56,48,3,0,3,0,0,0,19,8,11,82,48,34,18790,6958,11832,0.8649579716136144,0.411856767246776,0.588143232753224,0.09834731438587704,0.005915863277826468,0.5055715537748842,0.09139852259922374,0.31807937899086014,0.09377738825591586,0.009053335957488683,0.022042904939972446,0.9618185396575477
2011,150,GHMC (M Corp.) (Part) WARD NO.-0150,1,536,7006,29932,14812,15120,3340,1720,1620,7521,3726,3795,481,236,245,20872,10982,9890,9060,3830,5230,11353,8214,3139,9016,6867,2149,110,59,51,99,56,43,238,172,66,8569,6580,1989,2337,1347,990,125,56,69,67,16,51,171,98,73,1974,1177,797,2150,1232,918,124,55,69,63,14,49,153,89,64,1810,1074,736,187,115,72,1,1,0,4,2,2,18,9,9,164,103,61,18579,6598,11981,0.7848977135980746,0.3792930642790325,0.6207069357209676,0.25126954430041426,0.016069758118401712,0.5051449953227315,0.11158626219430709,0.30121608980355474,0.07807697447547775,0.010980479148181012,0.026397515527950312,0.9504214729370009
