ward_id,ward_name,predicted_svi,svi_actual,shap_census2011_literacy_rate,shap_census2011_non_worker_rate,shap_census2011_sc_st_share,shap_census2011_child_share,shap_census2011_population_verified,shap_census2011_marginal_worker_share,shap_worldpop_annualized_growth_2015_2018_pct,shap_pop_density_log,shap_ward_area_km2,shap_dist_center_km,shap_centroid_lat,shap_centroid_lon,shap_amenity_log,shap_pressure_zscore
1,Kapra,12.108197126684761,12.680121752894491,-3.7194524912781013,-0.9457804797611367,-0.6946215080417257,-7.697562287187363,0.0,0.031618740458069894,0.029628601522883713,-0.06831082889131679,0.031756290780876384,0.0,-0.1345389475837706,0.04924509428902013,-0.07758506166231705,-0.0443599396394454
2,Dr A S Rao Nagar,19.060053050610847,18.734283678123067,0.16961392320484592,-6.719409910686927,-1.6361379879437585,3.27056828377253,-0.008928590967894223,0.018063702233447998,-0.040966485072608805,-0.04892612390150575,-0.14807508714121553,0.04072416755330721,-0.3018670473005578,-1.2087974982655574,-0.04844039900923747,0.04880066460096444
3,Cherlapally,15.612260715364734,15.260463530416216,0.4506226750776907,-2.215679544904038,-5.237733498747193,-3.167295625527089,0.012584735090364063,0.07019670094628694,-0.1579635852378125,-0.03132153446522601,-0.14807508714122086,-0.0538141759946722,-0.17575902221790152,-1.1953788079619372,0.007181561882569909,0.09176732760600359
4,Meerpet H.B Colony,17.997499116274437,17.05792916128591,0.0,-2.4910072085014185,-2.6341313478697117,-1.477633506816467,0.03732620665107689,0.0,-0.1174564834290095,0.12446653039850375,0.21725508958792972,0.0,-0.13453894758376705,-1.218874122717466,-0.055013840338656195,0.0028330360004069632
5,Mallapur,20.5901910632547,20.364108719543964,0.6937203965095762,-0.5914665687661511,-2.2067713129868025,-0.3679360531782443,0.0937579956494261,-0.5957892885934974,-0.06495704457828566,0.0434966799801515,-0.17983137792209547,0.054208774565918105,-0.13453894758376705,-0.9956771393122743,0.020189245361660113,-0.00027523950357277727
6,Nacharam,16.269902531468233,16.538931170534777,0.0,0.0,-0.7195182811516254,-6.312048867734209,0.12497481587739401,-1.3549090257098655,0.0,0.06754658849095918,-0.2729919821625124,0.05420877456592166,0.0,-0.06552773721674399,-0.16353985261740078,0.0
7,Chilka Nagar,22.553144789616663,22.05179015402969,0.5232750462234677,-1.0882857770233727,-0.777492560700594,0.0,0.17753392310445903,-0.60749320817267,-0.07086401429751987,0.4261918812215164,-0.17983137792209547,0.09321059974448076,0.0,-0.7578513925564287,-0.11727738135379084,0.12364976433443076
8,Habsiguda,12.59360557772935,12.640284345398712,-3.4078051766651516,-1.0082737618977173,0.0,-9.106229909665496,0.2319079457122175,-0.15365746049524276,0.13130387727338366,0.0,0.031756290780876384,0.0,0.0,0.10398244608214213,0.08365449929988245,-0.0443599396394454
9,Ramanthapur,24.403818597049145,24.596846231804847,0.8144472311911457,0.5058791929989042,-0.7454779665161162,0.0,0.16159150077356443,-2.71013191449563,-0.6955253122852447,0.39021147435094505,-0.20625448784535294,0.5498354832234789,1.1857522370527178,-0.5728338217525035,-0.006031759693829741,-0.43917227112997637
10,Uppal,19.891604710110755,19.199611830304487,0.0,1.8683221843223698,-1.9254421220519795,-2.223297051221593,0.048183022271480525,-1.3376316869516316,-0.0768119391064701,0.17145143078774439,-0.17983137792209547,-0.039001825178562655,-0.17339556542828305,-0.8292888469568638,-0.25802933017860497,-0.00027523950357277727
11,Nagole,9.904583858319656,9.537590924310026,-6.4664297142386165,-0.29597851436000155,-0.1248638510010629,-8.73901733186562,-0.14701870620523572,-4.972693142160157,-0.004777242259468295,0.5982514555794634,0.5269009640921105,-1.1383506408966628,1.9623149677344447,-0.6186921167649775,-0.41091342514573626,-0.027874467433994354
12,Mansoorabad,25.850494654224455,26.841117123806374,0.5406987741518989,2.5394658713676144,-0.9751146786906055,0.34428400608837606,0.7718772280078596,-2.029485302427883,0.0,0.09872683900382384,-0.2729919821625053,-1.048976060735054,1.0100396836380447,-0.5807151259376155,0.0,0.0
13,Hayath Nagar,22.494144740845265,22.86664227967571,0.41713051400815715,0.7240060476050374,-1.266773252643027,0.0,0.1640744405880845,-4.186951793480951,-0.18672696427752555,0.06288138496996254,-0.17983137792209547,-0.6155697213441123,0.04494642071691857,-1.0889174625453855,-0.025669176126708493,0.03582874067166486
14,BN Reddy Nagar,21.89046129669186,21.15247131245172,0.0,0.2483772251057239,0.3121961837599905,-1.742591166471449,0.023658176122129504,-3.0446798764677574,-0.09372042361800226,0.03202597638721372,-0.17983137792209547,-1.1420420738788835,0.03677417159031293,-1.0145493474895915,-0.06826222309395646,-0.00027523950357277727
15,Vanasthalipuram,13.10203698539344,12.480989556805442,-2.8373687242319914,-1.7984869499949152,0.2548403111624715,-6.600337371761864,0.16407444058808096,-3.4153198120575894,0.0,0.0,0.0,-1.045390053122766,1.8448785762012339,-0.766219328265322,-0.05004428228029134,0.0
16,Hasthinapuram,13.078133335070051,13.317476167785204,-5.563067518040855,-0.15749037957978018,-0.03375953474181337,-6.791523538000449,0.08231065238452118,-4.204973130858777,0.0,0.0358454540338613,0.0,-1.0489760607350576,1.540229506869096,0.0048791746577858675,0.215888334803358,0.0
17,Champapet,10.68820652741314,10.119797915818294,-5.328594589591866,-0.37240431662247886,0.1455230307845614,-10.163425682689809,0.3392775681054214,-3.0822131214395085,0.10065079134287025,0.0,0.0,-0.9557654609905821,2.5449261505831657,0.03308227907844952,0.14991762850059587,0.005606781988113596
18,Lingojiguda,20.57065400175271,20.463149965933763,-3.4344969664907836,-1.0613931065332949,-0.4557145570094967,-9.347308443016257,0.034693729675570495,4.795148441883812,0.0,-0.11290408491616688,0.0,-0.7572690223095435,5.752693470920324,0.03308227907844952,0.06844061383137401,0.0
19,Saroornagar,24.458355410157484,23.3003115523946,-2.6294238045819895,8.152582200269624,-0.8001459333138747,-4.449769114846259,-0.04496751168233715,-2.0387345291623156,0.017829090091773026,0.4319045706445195,0.0,-1.048976060735054,3.261147059329076,-0.06602099234590852,0.030431921274541196,-0.0185867440105163
20,RK Puram,17.28483211118091,17.312657445883733,0.642783680445671,-3.482517330508294,-2.1649637466182376,0.0,-0.04496751168233715,-3.253022076859459,-0.33244285187446465,0.062455308351978545,-0.12825349516656104,-0.9167636358120106,0.8904751312372561,-0.7153543735841978,0.03240424425395361,-0.4358034625075078
21,Kothapet,54.29025752438333,54.680740790110846,0.0,12.956683246159649,2.7197487797304234,7.5952115723457965,0.04473000742309807,0.609571738623913,0.0,0.1461623345392411,-0.27299198216250176,0.04072416755330721,1.5175943372259084,-0.12783451148330016,0.022791788225006826,0.008250593450014776
22,Chaitanyapuri,68.60096131010702,68.58888362743684,0.389496891485436,21.02949693733735,3.231453645316506,10.443519441401605,-0.07153858414457659,0.2353877676670919,-0.23322403878513853,0.06245530835197144,0.4830377996280788,0.2471689073299217,1.8782975688341281,-0.478579592141017,-0.00710195904676425,-0.3224104110234691
23,Gaddiannaram,63.65988424522044,63.46909795336673,2.651266609717574,22.366794950863884,3.5314972058668275,10.716422204333746,0.22492825656350135,-2.073227049459831,0.026219787726859067,0.010458388073260494,0.42702410307909844,0.1587829938353167,1.373562566650584,-2.0564568622302772,-0.08499425971130137,-0.5137655085235195
24,Saidabad,67.94543974944672,67.81063469612425,2.51575798565284,18.694694939612212,5.206076522293245,7.830527748458742,0.11504645236176714,1.3447790890722615,0.006607219390019736,0.5424369307760486,0.46269183470194264,0.0,4.730609652928237,-1.4175884483439347,0.12912604846893316,-0.1815199118902342
25,Moosarambagh,66.80003401108887,66.58283839773247,3.3265829289352524,20.124991321130302,7.73982950441539,7.690665092206835,0.15081053449706872,0.5008878021911727,-0.07562262184787016,-0.0489261239015093,0.6715351904664999,0.0,1.8332671739148907,-1.3721583269334587,-0.04844039900923747,-0.15001540261316393
26,Old Malakpet,47.15461787698387,48.20784105626365,0.7136284965675159,15.488781882670647,-0.7050450762628344,3.102337590430473,0.0,-1.3508946904346004,0.04697388785291423,0.0984357152225499,0.09921205716680959,-0.1042810544506807,2.4510691930378457,0.16928352834163718,0.09310823316366168,-0.01858674401051985
27,Akbarbagh,56.746233164167755,56.956197126707295,3.696403041930189,12.481922027968345,-0.5579481900024419,7.0626650037090855,0.0,1.2102773331589702,0.08001846601671758,-0.20762552450977267,0.5792735675943419,0.0,1.3881886150439087,-1.417588448343949,0.03835492061623569,0.0
28,Azampura,54.370281716690634,53.26153041106591,-0.04954987087192819,15.686145261202817,1.5919943807785373,11.188382764351282,-0.04496751168233715,-1.9151985885289022,0.0,-0.06754515503342162,0.48320472409211135,-0.44159417441137805,1.0347724314237823,-0.6388684138863994,-0.09610214495053526,0.005606781988113596
29,Chawni,64.30599106400585,65.3631822060597,0.0,22.689271835894857,8.625244587976269,6.016702599465518,0.2346900178787621,-1.3793735198948411,-0.36086230346001,-0.060780516395922746,0.9513102057355951,0.020905956217234234,1.7018067974075564,0.11485870033483536,0.23959710500265885,-0.35764512328020714
30,Dabeerpura,46.3141852545318,45.38405832109515,0.0,13.298392837702444,-1.0079794983160895,1.2416009013923244,-0.05342972205242802,2.426773138404883,0.02203092186964284,-0.048926123901502194,0.5081501689272301,-0.22971452030316897,3.6873063919799023,0.0,-0.04844039900924457,0.0
31,Rein Bazar,63.19246460226761,62.38436857967638,-0.1589235908195903,13.82401031936326,9.700823791248752,1.2861516235029669,0.008391616046665717,4.014474436509275,-0.11949036292908488,0.35563043089080537,0.8324221751710184,0.0,5.491889144144331,0.0,-0.012036795834447389,-0.5384667714082809
32,Patthergatti,31.71153697187729,30.26099353464391,-3.0098661515226333,12.50309643609712,-0.023866119460716817,-1.851949870131211,0.05503178174854639,-3.9383997609080232,-0.40943167004125414,0.07934153550874612,0.20494966937678782,-0.1901193482991843,2.3062570454692093,0.0,0.0758620426850456,-1.0236598442624647
33,Moghalpura,26.80720366277972,26.707543459025928,-3.2682771862796294,-0.7482907227160744,0.0,-1.2429723479592916,0.2856607583059976,3.2550274915022186,-0.30095201814376793,0.3680485734724215,0.6029550021007601,0.0,5.427569832908752,0.0,0.13483175877262354,-0.5689528565524249
34,Talab Chanchalam,43.98647867638621,43.59999704543002,0.0,12.517958196564901,2.611306834656858,-1.3733003267876995,-0.04496751168233715,2.0785487674753966,-0.1656761687292132,0.35268488106351015,0.38384784368245306,-0.03900182517856621,5.854594607384264,0.0,0.0642906198923896,-0.513657012940854
35,Gowlipura,56.47166137518232,56.493918378226624,0.6800210957934283,15.79479628618676,8.846414586705706,-1.173708230017823,0.008406739123969942,4.821841345063589,-0.23218788923405498,0.7197824933084647,0.1563468939617465,-0.03900182517856621,6.646179009144319,0.0,0.17455616987943046,-0.3253423296228277
36,Lalithabagh,61.051414819648734,60.9936752399674,0.2207350982492926,18.94449084246198,7.302862553998153,0.3442840060883867,0.178303213938932,4.34338349749337,-0.12097180770773264,0.7579486789542145,0.36106802646300196,-0.03900182517856621,6.148997149206643,0.0,0.0,0.03336777693638737
37,Kurmaguda,52.63818312635992,53.21065805634374,-2.638992411652353,19.932056583510864,8.870827151708639,0.0,0.4414165176857523,2.7844633335726385,-0.5017181339848165,0.3090191403217446,0.5090262549731577,0.0,5.416652694011759,0.11485870033486378,0.04177664639297518,-0.7704538790543367
38,IS Sadan,51.794380461452015,50.903382278256245,-3.16494900585824,18.714980377624215,9.059198753496432,0.0,0.23014558247189143,1.8428243339071315,0.0,-0.048926123901502194,0.0,-0.03900182517856621,5.040572296225221,0.03308227907844952,0.16192204725388848,0.008250593450014776
39,Santhosh Nagar,86.60706249598603,87.05480033290863,4.615983441273485,27.537930928007555,8.408978884336932,16.770696949789112,0.14240734140030042,8.522327165989068,0.03484616228648463,0.43498917651069746,1.0640347072626355,0.36099768255836295,6.724434193174645,0.11485870033486378,0.7629963236608717,-0.11350415222571542
40,Riyasat Nagar,48.25345086517821,48.76797889121786,-0.4122237402407478,13.634994997633001,0.0,3.703329709644926,0.3372311445907883,0.47960043449968737,-0.23612851975656213,0.1772201945330636,0.6039375236175033,0.04072416755330721,4.060402707534365,0.03308227907845662,0.20251327405100028,-0.49648216803173995
41,Kanchanbagh,27.626701632927364,27.99700389247989,0.10259495663451546,-0.21934040888361395,-1.2137132628591303,-2.4660109437498043,0.26051991507328864,2.598467601123019,0.1559234756163903,0.013955261068456792,-0.17983137792209547,-0.7962708474881062,4.390477893447802,-0.5560002267137207,0.1405793288792907,-0.00027523950357277727
42,Barkas,26.358735263417373,26.331065316798163,0.009549355460279685,-0.8087324920826262,0.15337502313427365,0.0,0.3501571708180755,-0.8896881207486338,0.2346850994907541,0.0,0.5420477462253679,-1.0099742355564914,2.4431771718287543,0.0,0.07628870898689755,0.00885884252069502
43,Chandrayangutta,99.1692590747284,100.0,7.64362116174388,33.46334160537063,3.9761744005258635,41.35192654634214,0.18692926696624568,7.983841948180512,0.0,0.4977662564408263,0.6196548500560368,2.0409118883368222,11.910597434463526,0.0,0.3620543826155398,0.5229597656871192
44,Uppuguda,83.49981819086692,84.1984381574891,6.322892793860348,24.300583623785975,6.531274055498187,19.00379973963325,0.0,9.395883022192507,-0.031192987492516977,0.35212086896969197,0.7988929849559412,0.40865942849966075,7.082507725357374,0.0,-0.012036795834447389,-0.18597484074641102
45,Jangammet,87.88261005181124,88.0909551475325,4.551172188803449,32.03513919457146,3.4294503566987373,23.312598810763703,0.1783032139389178,3.4969459804698175,0.08001846601671048,0.09395981762904171,0.7148662957296352,0.1587829938353167,6.34502918108069,0.0,0.2716427885567896,-0.01858674401051985
46,Falaknuma,63.73511384169064,64.54543818387911,1.1130711171086247,13.542708525556854,-0.11597354610393751,25.19970172905291,0.5359763239848476,2.1504559606654468,0.0,-0.048926123901502194,0.5269238697888454,0.23253412969089737,6.16746225371768,0.15997814625241347,0.076288708986894,-0.24102496470999313
47,Nawab Saheb Kunta,71.81210738723325,71.59068518021434,-0.1589235908195974,26.385176954062842,3.2257322095596663,17.08992816989332,0.19743557712165227,-1.612189613590985,-0.7115758728355246,0.010458388073246283,0.6479001755629668,0.1995071613886239,5.768394349406677,-0.19363241865491432,0.007016602443371767,-0.8307718606907599
48,Shalibanda,85.4633483211234,86.03085311821755,0.4805630770999585,29.908965282834217,4.135188137981871,23.58029565261888,0.1783032139389178,6.863285137894451,-0.2690362589252828,0.06245530835197144,0.5781929556755898,0.1995071613886239,6.883470464689594,0.0893567093600467,0.1707613291876413,-0.4978644833705772
49,Ghansi Bazar,43.38747446670744,44.152681396066775,-1.3523385107970611,16.662636695404874,8.961017425798751,-1.6167104798004388,0.9349501428023359,-4.689729274938649,0.27184949962127547,0.0,0.5023576151306699,-0.16808842642954147,3.960185385718738,0.15997814625241347,0.4085316929518683,-0.07484909973346987
50,Begum Bazar,38.4505012578579,40.19052230093796,0.05889678022512612,9.328828673043141,0.3121961837599869,-1.1737082300178088,0.44457475254549195,-4.00051099104958,0.2201083223770368,0.5287744570859019,0.5969545283879967,1.2439813129216475,3.346022508919937,0.15997814625241347,0.076288708986894,0.0
51,Goshamahal,45.613969695744665,45.8591722706365,-0.28221137214391945,-1.9271430181409244,8.497054561907802,0.0,0.061137819549145433,9.652943730600924,0.08989005769341674,0.7556367159368378,0.6457467378412716,1.7715478121314305,7.671081367214903,-0.09732582163154291,0.48954425010077074,0.0
52,Puranapool,41.960409154410364,43.26058431959793,2.736902495473103,1.7019776285861852,-0.5019763696338657,-0.017854447520193162,0.24808917317498924,9.283009018817367,-0.17904563354312586,0.964690475015253,2.56020441153845,0.5707414394407309,6.165594525253859,0.25805927923212124,0.6973513939539302,-0.3257707515517012
53,Doodh Bowli,35.38362564719643,35.17870899961121,0.5215869700079097,12.24201682398142,-2.4433737845568757,0.0,0.24667990532099537,-5.34111525246535,-0.5978970545674969,0.010458388073260494,0.43683124610766555,0.0,1.8908672608280455,0.05673708997890259,0.06072502767447929,-0.5325327146494985
54,Jahanuma,65.08788481261467,64.24801600179609,2.4094929525436015,22.256298666568014,4.189836170196408,12.613344894414453,0.0550317817485535,-2.680160893731667,-0.7938370028753923,0.010458388073246283,0.26224202099520255,0.1995071613886239,6.221324435470059,-0.35440994181315943,0.027838151804729705,-0.6866019926427924
55,Ramnaspura,70.8053322983455,71.18246414213033,0.6712359554978917,26.23874391294713,1.492458517887556,19.731924185815032,0.22492825656350135,-3.014334627098364,0.1695496069030611,0.0,-0.13453101635816722,0.2471689073299217,4.713795311163864,-0.18093274071027565,-0.04844039900923747,0.0
56,Kishanbagh,77.14276202582462,77.04853536541036,6.400530470340371,24.185879613561234,7.947149895086085,13.827242374433148,0.1599833186431141,2.98911469792462,0.011003063558860049,-0.03326819375675427,0.721473515119655,0.0,5.184267847518015,-0.06444971038997949,-0.04844039900923747,-0.32578051215448056
57,Suleman Nagar,76.84810421492307,76.99644479285818,5.727018530369321,25.510186419415803,1.0100240025067393,19.253811469963082,0.0884753798995348,0.5324826058101593,0.04772661931667699,0.0,-0.04137041211775738,0.1587829938353167,7.438509105448489,-0.33189963031173875,0.130914877531481,-0.0002752395035798827
58,Shastripuram,29.39114347076866,28.68921071845968,0.9363778232852091,-7.3221953237891455,-1.0327636196583043,11.831564128052573,0.09020879098935453,-2.922164717958168,0.0,-0.032806705142174764,-0.24123569138161471,-0.19622195438718393,2.7423218234778695,-0.27665401732077655,-0.16426062492410765,0.0
59,Mailardevpally,21.17161102897481,20.58951540177557,0.6916774624266857,1.0493749623348947,-2.7784978703464986,0.3208461049189282,0.1362919163290286,-4.459908405287486,0.0,0.027991813486480055,-0.31955297664306315,-1.175077981781385,-0.21419806819510967,-0.10999785125751416,-0.34914904434208793,-0.027874467433992578
60,Rajendra Nagar,74.80245529976241,73.65513744553293,3.275929664051617,16.801828935099884,1.720837504174142,29.386070508408125,-0.5762045655025929,6.780019051403315,-0.1352447983141758,-0.4513258363596151,-0.27179886668518805,0.1565403475369891,7.59376499464031,-0.5288504084456775,0.2222136749711865,-0.5060063371192314
61,Attapur,53.08818905370694,52.62897178556625,0.7984141658974409,16.15282409243936,2.9506831883127376,13.561167009981858,-0.04496751168233715,-2.628586482749107,0.029710255374595818,-0.025528632086128766,-0.17983137792209192,0.0,0.5093242344986493,-0.35200759692281736,0.0,-0.00027523950357277727
62,Ziaguda,43.95959621873028,44.16434789047906,2.715412153018292,2.081622647486668,-2.2382511240967418,10.700821993847754,0.11612406556435673,4.263757710314749,0.08001846601671758,0.062455308351978545,0.8642503763433282,0.4167288777644771,1.4293463101093522,-0.07270783714476181,0.2271575904466232,0.0
63,Mangalhat,78.73119799351784,79.11473297610773,6.465383990297468,26.90116509410521,3.20999591140027,17.428171879476743,0.12773474952210506,0.022509322818592636,-0.010621586753913448,-0.12734918749706026,0.6237067087401016,0.3276374556909616,2.0642373840132677,-0.33628267566729164,0.252007885154768,0.03336777693638737
64,Dattatreya Nagar,54.850490962847864,55.05533946935907,2.6304397588997475,9.9471717086343,3.958756512613597,8.702577202218066,0.0,0.786543730740398,-0.3808108112258779,-0.19279758723222074,0.30862840338960496,-0.07355737721486122,1.75532547949431,-0.13533800633133097,0.11671815377604133,-0.3024411575931367
65,Karwan,51.43115376360081,51.13889312976245,1.732714553509389,8.279849418180056,0.0,8.993701057288597,0.0,1.3099059371153032,0.0,0.09395981762905592,0.4374916761058216,-0.003979581177681268,1.5665457264205855,-0.2824833902543915,0.1405793288792836,-0.09442194947360605
66,Langar Houz,58.707046490863554,59.1014035978671,0.09944826965775633,18.744075816406585,6.506174131838321,8.378266244027891,0.08027175786183705,-1.609385202783173,0.12309588499810786,-0.025528632086135872,-0.17983137792209902,0.04072416755330721,1.3797920672201016,-0.156659739517913,-0.04844039900924457,-0.0002752395035798827
67,Golconda,21.08056529673952,21.117158900647134,-0.08552498092590355,-4.2793569829747184,-1.0731439086181993,-1.7733025619937592,0.008406739123973495,-0.14905063746971337,0.1223379689281856,0.0,-0.17983137792209547,0.0,4.135769740267634,-0.11338127260176378,-0.03344348813086384,0.04880066460096444
68,Tolichowki,41.79758805820809,41.52822852989487,1.0702958421939073,1.091878054521466,1.4529291386714718,12.518004081856393,0.08966687370444504,1.6964428442349657,0.07461134961150151,0.04643879494383896,0.0,0.5498354832234753,1.1536749237909731,-0.16969143360402938,-0.018014704290571615,-0.018586744010512746
69,Nanal Nagar,40.16259291944501,39.61177580373081,1.0068132438991881,3.372102616941028,-1.6529693240334922,11.434390790404578,0.008406739123969942,2.314057990740885,0.13130387727338189,-0.048926123901502194,-0.17983137792209192,0.4762781060086141,-0.1733955654282795,0.012072749421676576,-0.13083659601062436,-0.00027523950357277727
70,Mehdipatnam,70.21115528210035,69.63442081219291,-0.1589235908195974,22.2215330910104,3.001256008860196,15.186080788619364,-0.382578086916169,0.3441303548122363,-1.2281840950250569,-0.025613360941505903,0.590982143117742,0.12682708538643794,1.6021421272137815,-0.4804130224534333,-0.059722528053157475,-0.6925533128427048
71,Gudimalkapur,51.76329350412955,51.82546600577277,1.1349016572350052,-0.42735563601852533,7.471780762940192,5.0318606677597515,0.021034955567692748,10.96357586790382,0.08662568540673732,0.7378816879047818,1.3989929516023238,1.0440534770612473,4.957765316528167,-0.21427363616989936,0.34071532228270485,0.0
72,Asif Nagar,56.16576151142314,55.79434621190427,0.0,16.268552206179436,5.770571374191611,5.505044739789582,0.004463317331726557,-1.844304226123576,-0.9065316689350027,0.06902094201240772,0.23930301123652953,0.21114678662252828,1.449874618345298,-0.307901641081898,-0.09341821926232541,-0.9986519573143866
73,Vijay Nagar Colony,24.02354070151558,24.26258956311994,-4.347007357228545,3.8465149660611715,0.026310546104586052,-1.825811431576632,0.4822023217305471,-6.2793448458929895,0.08001846601671758,0.13183027565278138,0.6362804587745288,0.557193610800244,0.03492592019160057,-0.13536668489178894,0.4317941899119475,0.005606781988113596
74,Ahmed Nagar,27.11645545729084,28.007367427191166,0.05889678022512257,2.6490927962197652,-0.8909504369803933,-3.0760741076796485,0.18267258002049758,0.2730089369274644,0.2856640317854975,0.0,0.9015481202512312,1.1373584653828281,0.0,-0.054237566255626035,0.11026554998704441,-0.09343584374398262
75,Red Hills,45.36331680711215,44.93343295987682,0.4599916629153711,10.014733959215754,-0.7633130195893614,8.530959552526596,0.11218064377210624,-3.9408526216217368,0.06555570940845712,0.0,0.39104347699583286,0.276101553692925,-0.1461166947923047,-0.07233873149949233,0.076288708986894,-0.09343584374398262
76,Mallepally,34.10245063496193,33.97705489011329,-2.3101839367686665,9.679306414354766,0.12730827764492858,0.0,0.6364765667182652,-7.288465486655255,-0.7429819599531626,0.4042061802663639,0.4719705544820627,0.37604321357828496,1.9665721722191947,-0.19443464387775578,0.3217231645404155,-0.5308613907392683
77,Jambagh,43.31787589571343,43.44741579462619,2.1453129092329704,-0.682572342567731,0.0,3.0389608789631737,-0.042161725292849894,10.287647012447756,0.0,0.4989447589393521,0.6748776192821566,1.6810496529237753,4.785939609840852,0.0,0.1405793288792836,0.0
78,Gunfoundry,6.746335474206111,6.960032118674664,-3.491751979638451,-0.6553201367110226,-3.1779396808496347,-12.426847374967826,0.757606486246444,-1.8778350183698844,0.11932010551260497,0.09458251942705864,0.0,0.3312807492583625,0.16450270480957752,0.0,0.2774682332743623,-0.12131031117797608
79,Himayath Nagar,21.656791831041577,20.974928100883787,-5.379061953618926,12.41399692165534,2.6849883858355916,-8.90518541686798,0.5626506626659875,-6.1446949788448855,0.0,0.0,0.24994804427256057,0.10875475399585,-0.09460396424250206,-0.04070752013587153,0.387539258645905,-0.027874467433992578
80,Kachiguda,18.735647776681546,19.42849792452408,-4.172808433981235,-3.2471574098182323,0.37202252053013396,-12.299162013251024,-0.07750884267866809,4.767322572716152,0.20770299948146942,0.7045415333392171,0.8835979183586673,0.6465174857734546,5.525712121800751,0.03308227907844952,0.39147465596063924,0.033367776936390925
81,Nallakunta,7.7263847327776505,7.769430090742621,-5.2083363293254274,-5.2504236180185435,0.0,-12.267428847988498,0.19888872913749012,0.6048434870238868,-0.010621586753904566,0.43018833798318745,0.5407219157536565,0.35082219031415907,0.0,0.15066897627256548,-0.0831781410801522,-0.8205594971879195
82,Golnaka,28.913129715577924,30.01774766250485,0.0,1.6676246658460272,0.0,-5.63425399312198,0.18293242351961325,1.4990146920235468,0.17747236009194367,0.6613044691557164,0.7035360796863337,1.3326337763354026,5.785895127163446,0.16928352834164784,0.07754855371347347,0.0
83,Amberpet,33.631543649162886,34.01718722014084,0.2283067835946042,-0.04774457066906734,0.28473347115405545,4.702099898746862,0.30885905369557065,-0.9027398926839183,0.0,0.0,0.8043500754358206,0.5707414394407238,2.767886177234029,-0.5560002267137278,0.03085858757638249,0.03336777693638737
84,Bagh Amberpet,48.21481748876838,46.90842388010578,0.5413095098918745,13.924847956357986,0.0,9.298653244189012,0.0,-1.2778279615047907,-1.1984093614967222,-0.23913003378685005,0.20975598213588853,-0.18379063397344453,-0.21683554366050117,0.11485870033486378,-0.03461867827533638,-0.5756733525059019
85,Adikmet,21.460621446695253,21.31739578000518,-0.11522045644619894,-1.4702293290643311,-1.30670748387573,-1.6492408311548417,0.11538556930454291,-0.4207355083147455,-1.1412890182239224,0.24993170659667285,0.4096282138220886,0.8895136806042032,0.0,0.16028882174537173,0.0,-0.827010922370345
86,Musheerabad,10.809937723338265,11.418124454267833,-3.6946161967468054,-5.925832222769529,0.6253462092432951,-13.242246585729713,0.3562038100702676,2.279388575684308,-0.5242116547056277,0.5559966158861851,0.5376389688717857,0.27362816781757004,0.0,0.10523885486205309,0.05925213703941701,-0.5475259376530186
87,Ramnagar,3.268840001658437,2.7051762558043446,-4.853568930424568,-4.30633717937634,-0.7616841837288266,-12.182218945644465,0.024053102880437383,0.019600674357752812,-0.7611955610296546,0.13183027565278316,0.15084887473336606,0.0009148473464493101,0.0,0.07415118019898559,-0.16364469212246568,-0.8859833439626463
88,Bholakpur,3.3190619828339454,2.762742622896244,-4.444302514614178,-6.494144843638768,-2.796740061434625,-15.427675735587774,-0.11857757504949751,1.7527375409050356,-0.7676532167363481,-0.1952744332050127,0.43036475905416394,-0.137367078503841,0.0,0.03308227907844996,-0.021101129409367925,-1.1355364037875546
89,Gandhinagar,12.668595039132944,12.619273413964455,-3.3638361727699095,-3.9085801319581446,-0.02760772036284287,-9.02324523351581,0.01844288192039656,0.8801179310400151,0.09002920458896391,0.537872004803944,0.5961383194787864,0.2992376511306105,0.0,0.03308227907844952,0.0,0.0
90,Kavadiguda,16.999193478893392,16.19239365863485,-3.1746342271068144,-1.4821729908633543,-2.79471884301444,-2.441590611396361,0.11271672517057851,-0.22445590343622257,0.09470050716959832,0.0,0.07863044340717451,0.8301886752092571,0.0,0.0,-0.16878415636318778,-0.0443599396394454
91,Khairatabad,35.531140226747596,36.111745370154594,0.0,0.3483774948142866,0.4052495152192819,6.179689490577708,0.3359216798398492,3.506489342836744,0.1559234756163974,-0.027275880003962527,-0.1798313779220848,1.7048290549130627,0.0,0.09711974049645278,0.10881269264755389,-0.00027523950357277727
92,Venkateshwara Colony,47.11111302530639,46.39473156432174,0.7218669328622198,10.59112296048135,0.0,9.24323156302085,0.2656103120895068,-1.1668268634320853,0.11932010551260674,0.00617250237096556,-0.17983137792209192,0.09335579288468665,-0.025866458930138947,-0.41486600267877805,-0.04844039900924457,-0.00027523950357277727
93,Banjara Hills,8.35007965059367,8.24107584819368,-3.7304106432331867,-4.938125580371038,-0.42056167672054023,-13.089290441411862,0.20808047837081567,1.8061518340576992,0.0,-0.11643003645307637,0.0,0.22475284231986414,0.0,-0.3075400498766818,-0.2578000511752059,0.033367776936390925
94,Shaikpet,17.543777873177646,17.406634351778855,1.4082376509427519,-1.2032865631008356,-2.4718226426926257,-4.984188922392953,0.1193289910967863,0.03877318955767706,0.10065079134286847,0.08150184955941242,-0.17983137792209547,0.0,0.0,0.2925764917703191,-0.09003010349504237,0.14223650834494705
95,Jubilee Hills,10.39419072117814,10.16211106582204,-0.4359447251816917,-5.142036930862549,-1.4711917992426322,-12.601003087362335,-0.03591137826562374,2.0716437510657713,0.0,-0.0696620125912375,-0.3913725677885438,0.02090595621724134,0.02865163971776319,0.12495286042494769,-0.09003010349504414,0.0
96,Yousufguda,40.39280378338402,39.82214631865089,1.3916930289855856,-1.7261959623271537,0.08163429058311067,7.0324809863831135,0.06104781455729835,9.659313951973402,0.0,0.0,1.088058941914774,1.5214927001321499,0.028651639717764965,-0.4715094886643527,0.20965186260519886,0.0
97,Somajiguda,6.4344671236986875,5.713789420896817,-5.110082753629739,-2.3500343519847275,-2.383115466302617,-9.095756492014772,-0.02140314159840795,-1.9789793574818981,0.0,0.0,0.0,-0.2863813491264313,-0.025866458930136282,-0.12783658929809238,-0.42843343452666627,-0.027874467433993466
98,Ameerpet,9.746721173954004,9.527142865662022,-3.7463460269578626,-5.296299434299467,0.0,-10.757059780961825,0.13872641861189372,0.746063506595517,0.12602076178532684,-0.042753621530536634,0.0,0.15245010343283916,-0.160405406513906,-0.22375372273387661,-0.04844039900923924,-0.07484909973346632
99,Vengal Rao Nagar,5.687246358453592,5.107012579321559,-6.214162318523773,-5.606792354813216,0.11407766613485393,-14.968870289854681,0.1409955809368686,0.5656242616796678,0.05885505313573702,-0.08383828234974011,0.0,0.11934050597574508,-0.1877575328608474,-0.39307141675767543,-0.20004829529726464,-0.02749396777563451
100,Sanath Nagar,14.3497302693849,14.7939148502979,-0.5214697061076023,-5.475163092678141,-2.037799672251694,-9.610414194344802,-0.041036729382238235,3.1245821502349944,0.19759577278486873,-0.17054626310078902,-0.3913725677885438,0.3026198798901891,-0.08306477063007911,-0.07035930907566978,0.21188388967412486,0.0
101,Erragadda,19.806517432438618,19.20446431665971,-4.83071273469508,0.13179680554920736,0.026310546104586052,-0.9403817928639739,0.5404039898086523,-2.01222877763853,0.08001846601671758,0.062455308351978545,0.6383938752985543,0.5647245601978277,-0.04587211878680009,-0.1702394785046657,0.441702312217501,0.0
102,Rahmath Nagar,36.96953790630955,36.56663934247633,0.8844156594853985,-0.434152782997387,0.16727633938763375,7.564985544217496,0.0,6.760232305520056,-0.31744712222480587,-0.0839186032766932,0.8206919165366031,0.4762781060086141,-0.08856513660827403,-0.17091911159081263,0.0921287716971193,-0.47011240765478135
103,Borabanda,18.140330841288957,18.068262967223465,-3.3808371329484928,-6.3282990574677385,0.38059064029588896,-3.604873318176427,0.012567305465413625,3.3739251612324583,-0.27988137796918267,0.12834581264300127,0.4409992164857961,0.5498354832234824,-0.08856513660827758,-0.36983880339652586,0.28876305256294543,-0.5965769181951934
104,Kondapur,7.027189910586569,7.067330747307282,-4.689684645659418,-3.113744796498886,0.05433158383779091,-9.134869039361217,0.44266389616224977,-0.5372707313612457,0.09017530775146465,-0.044913337075941584,-0.014804703699679678,0.0,0.062497310071074175,-0.12670343601477274,-0.1412008643024043,-0.025773195628931767
105,Gachibowli,33.39204172111657,33.89004956015616,1.986427276569895,-5.586563793828326,-0.4789470150436017,7.172986882084281,0.24550845843224067,8.916197130851295,0.4388938978358752,-0.2978702270500406,-0.3601288976575674,0.0,0.1478529863560638,-0.1679762665327118,-0.03716524448862657,0.1355933786256287
106,Serilingampally,20.075938059712623,20.062343353707377,-1.910665273323012,-5.664494071157126,-0.012307438767553691,-1.8369922316233946,0.0,4.09024721044201,0.12309588499810786,-0.3237434615509649,-0.14473848699594427,-0.09306601314382945,0.05117111715793854,-0.24406591765606578,-0.007902897304418843,-0.09343584374398262
107,Madhapur,43.18047717849967,43.47608434217619,2.440908248544808,-5.125941078788337,-0.36440607090482047,17.071042713445305,0.05511865576995234,8.367080119039443,0.3857345079890706,-0.35078217800818834,-0.15975099774381363,0.28633370156553184,0.16070520259408738,-0.3493050244627085,0.0907140051656441,-0.23834199862091765
108,Miyapur,43.719466528132,44.036763958648685,2.279574107158929,1.316793564402964,-0.3040563722267464,11.836869758440653,-0.017459719806169005,7.069336912294901,0.12309588499810786,-0.017224989444407868,-0.17983137792209192,0.0,-0.09068284074962207,-0.08624363169460025,0.1405793288792836,-0.00027523950357277727
109,Hafeezpet,16.69587085667707,15.891136890618789,0.9287682279435927,-7.179884480128756,-1.0038258477154258,-1.4194248435507149,-0.060816396776139925,0.1082693556555725,0.09470050716959832,-0.04892612390150575,-0.17983137792209547,0.0,0.046697661882632246,-0.13028345450806356,-0.09003010349504237,0.04880066460096444
110,Chandanagar,45.2897406329463,45.39580629905416,-0.04990529851487224,9.749364131499306,1.4304735059086724,14.62077829858838,0.029165322818407446,-1.833430809545689,0.0864925148943243,0.00617250237096556,-0.17983137792209192,0.10028871819141472,-0.2507421575781166,0.02033304487684262,-0.018419144168170476,-0.00027523950357277727
111,Bharati Nagar,26.362771339822498,27.75373575427334,1.3430881108007782,1.1495083358368277,-0.38907086269041,0.0,0.25812791904820287,-0.5841450363119591,-0.22376988986302848,0.26870935622401504,0.33470251907846205,1.0778237573313625,0.1434152644677269,0.8916687483187005,0.5520338628967707,0.10292836848498865
112,Ramachandrapuram,35.98826813260136,35.53806010277442,1.9627847727493588,-5.507938666738397,-0.4817236588640199,12.166226044314698,0.03958249226309363,6.741573763812077,0.029144797761141206,-0.5217863019058981,-0.17983137792209192,0.10623129128303788,-0.2226762412697454,-0.23579813230013258,-0.04844039900924457,0.047814558871337454
113,Patancheruvu,22.393109533069772,21.88147546394043,1.1507158956002357,-5.565193127683333,-0.744003423631316,3.4099433569046447,0.08387118882649247,-0.6492820662245116,0.0,-0.009067883042078506,-0.37265535301144936,0.2656742310040947,-0.9728086961868598,0.1233329519188544,-0.0026200647628442653,0.0
114,KPHB Colony,19.38890711951858,19.96869435148323,-1.7897928376623646,-3.4842368892681392,0.47754992814651587,0.19688729885654865,0.12723701386894604,-0.127579090794125,0.1223379689281856,0.0,0.03175629078087994,0.04939390363476903,-0.17067508120675257,-0.07353734217006291,0.03819166670679053,-0.0443599396394454
115,Balaji Nagar,26.422813580404043,27.046318929516605,1.2097745262193342,1.9105235580812945,-0.7266792315006967,0.19688729885654865,0.3033746923170284,-0.048659680330700894,0.0864925148943243,0.04565639552555112,-0.17983137792209547,0.10561499379042871,0.023303125255683454,0.5099803313814952,0.08674689403778046,-0.00027523950357277727
116,Allapur,36.267001972599004,35.98419951051559,1.0252925888401876,2.796061934932766,-0.7253831820410781,9.148134264739323,-0.04496751168233715,-0.7196647983706441,0.0,0.0,-0.17983137792209192,0.04072416755330721,-0.04007432237468578,0.08719244448583652,-0.13083659601062436,0.0745738602298971
117,Moosapet,6.563792592779245,6.384451177722012,-6.036983225354683,-5.448003014725324,0.08050972808849366,-8.581072194073954,-0.06211476440219954,0.292884108464607,-0.6820583593462075,-0.08835623718328645,-0.20451307007262365,0.020905956217239563,-0.020005659856668245,-0.3057915644742515,-0.012903088560491938,-0.8358898750004826
118,Fateh Nagar,33.50010241158827,34.73595281677105,3.4428271148382166,-1.3622814924565603,0.32361363981701174,5.736246738474009,0.14895905013374033,-0.048659680330700894,0.12257571905015396,0.0,-0.17983137792210613,1.4635205290314133,0.1328372106918323,0.052723389725535696,0.9279926140971568,0.1422365083449506
119,Old Bowenpally,35.7992196544305,34.7194404275402,0.6504511830718656,-0.6697036316118528,1.845439670364314,10.95325911980365,0.0423283843746276,-0.48414458264381466,0.0,0.09416541426052305,-0.27299198216250176,0.33774595826951526,-0.30186704730056135,0.0,-0.03412542314617184,0.0
120,Balanagar,28.8437794455872,29.78165210311819,2.3957892109724988,-1.2333778455748359,-1.0381289738518333,4.62232509460582,0.08027175786183705,-0.41709523747054433,0.10455935510806214,0.09458251942705687,-0.14807508714121553,0.5707414394407166,0.13283721069182164,-0.04968992611231471,-0.04844039900923747,0.14223650834494705
121,Kukatpally,24.581003119128876,25.66790810753259,0.0,1.2640197023855357,-0.6470833077514193,0.0,0.40024988480884716,-0.7213683997473481,0.0,0.4739185005382005,-0.2729919821625053,-0.039001825178562655,-0.2790445100646295,-0.024260020295169937,-0.08924689152481946,0.005606781988113596
122,Vivekananda Nagar Colony,18.201259171121208,17.80929141732565,1.2742572364790412,-6.775222422833394,-0.9807211454083244,-0.03172147453885188,-0.04496751168233715,-0.4330550662553385,-0.08320317228902496,0.4219215802594789,0.2962265717757191,0.09321059974448076,-0.3332451275058581,0.050547851532662946,0.13556390728286516,0.1029283684849922
123,Hydernagar,18.77691904308277,19.3376703234939,0.0,-5.758551688893608,-0.6686117918571313,0.0,0.10393613559672588,0.7284420742613378,0.07461134961150151,0.0984357152225499,-0.17983137792209547,0.0,-0.22487569864798118,-0.05034015878129239,0.06532868370569744,0.12364976433443076
124,Alwyn Colony,19.914103303823392,19.76845848874945,0.0,-4.85678766744428,0.41303196675531595,0.0,0.172173880150293,-0.17650521469563074,0.04697388785291423,0.16833742326274503,-0.17983137792209547,0.04939390363476903,-0.22487569864798118,-0.10117480392865019,-0.04844039900923747,0.12364976433443076
125,Gajularamaram,43.777779258166674,44.819120029158114,4.863570394602725,2.090142173678146,-0.008721695105897709,16.473365437924556,0.19182705017686885,-1.5250924506452748,0.041025963043964,0.0,-0.055235455944533385,0.6366900640092084,0.012304357743005312,0.0841304819184927,0.5299048682263248,-0.024345902694676624
126,Jagathgirigutta,34.034732911843186,34.35870622053157,2.24030857872577,0.5746463769090226,0.0,9.172078095500801,0.16167149498632938,-1.495652435387541,-0.431028428012759,-0.06458609182335806,-0.12825349516656104,0.0,-0.17318581067736005,-0.18324757532899127,-0.01709871447661726,-0.4204914139739131
127,Rangareddy Nagar,16.38356543578606,15.903728398729708,-0.02969547552029539,-6.7709901490905295,-1.2715973434910524,1.5955559520730844,-0.09989989899343144,-0.797770089147182,-0.6706447615623397,0.0,-0.2729919821625053,0.0,-0.2790445100646295,-0.22062242013961963,0.07628870898689755,-0.6926369670459351
128,Chintal,23.41464070594406,22.6982079591826,0.0,-5.747204303384208,-1.0311609163476732,5.142635179011773,0.05511865576996655,-0.08585300363664317,0.09470050716959832,-0.07445475598763451,-0.17983137792209547,0.04072416755330721,-0.3332451275058581,-0.17067826074302772,-0.04728426101463157,0.04880066460096444
129,Suraram,22.09681461310517,21.92585195322159,1.206328395126043,-5.660984558284948,-0.7342306792363082,3.3685675802332398,0.10174369839453945,-0.6864753895304538,0.05885505313573702,-0.01938470498981104,-0.14807508714121553,0.13393476729778797,-0.9371161561020998,-0.08902265672580967,-0.04420976924864917,0.04880066460096444
130,Subash Nagar,19.177025499012878,19.302317114008787,-0.02969547552029539,-5.57358851811648,-0.8773417373484413,2.385029049578545,0.10174369839453945,-0.8593465975548575,-0.5051679463884859,-0.009067883042078506,-0.2820734466823218,0.13393476729778797,-1.000493603732469,-0.190094747836838,0.07416617778055823,-0.564430294651185
131,Quthbullapur,23.26601877995056,21.53230215035172,-0.1231623798715411,0.027492216366631794,-1.2638952339020193,3.7525577514204116,-0.04496751168233715,-2.228750579809944,-1.0166288839490036,-0.025528632086128766,-0.31382973746320175,0.0,-0.4493679578148786,-0.37942385439967197,-0.2957167942739858,-0.7368038943813637
132,Jeedimetla,3.8322534182273857,3.5435291292938405,-4.129542449358685,-2.92797340079306,-6.182354375786809,-8.122978713027504,0.1824709477541706,-0.9840395367302257,0.09545842323951925,0.017604589436281515,0.03175629078087683,0.0932105997444781,-0.18873956502499922,0.0,-0.09213984485298132,-0.0013932766344146863
133,Macha Bolarum,17.506217663101076,17.505839258584594,0.0,-2.841756547718937,-3.079580975436123,-3.23371602194441,0.03361969065806747,0.2518422118987864,0.05885505313573702,-0.005429443921354249,-0.14807508714121553,0.0,-0.18873956502499567,0.03357553420761761,0.02262674830254241,0.06738740861148074
134,Alwal,2.5782034073533575,1.8761500238512907,-4.881833452719545,-0.6520142462275489,-7.620776320485953,-11.833150543836378,0.0,-1.183031508306116,0.0947005071696001,-0.025892090543869095,0.0,0.05420877456591455,-0.1887395650250001,0.033082279078450405,-0.24085478781284397,-0.0748490997334672
135,Venkatapuram,13.201236381964467,13.51242378072557,-2.463477744203331,-3.639063741574507,-0.7069402908118878,-10.019981511584142,0.08962999797117632,2.6999656894282946,0.0,-0.12162013919928683,-0.14473848699594427,0.0,-0.08002084893587202,0.03308227907844952,-0.04844039900923924,0.0
136,Neredmet,25.48529854473379,26.47244201687729,0.0,-0.7670295182866198,0.5243484777029508,-1.758828293695938,0.06816790859255661,2.35858206723848,0.09545842323952058,-0.01722498944441142,-0.17983137792209547,0.0,-0.18873956502499567,0.03357553420761761,0.0937716480341031,0.04880066460096444
137,Vinayak Nagar,8.842685345544385,8.644771782065238,-4.559349848072561,-2.1531934844157323,0.0,-9.916569217589782,0.008168454344502862,-0.2025835843967485,0.0,0.4652504245863849,0.029278611949520084,0.0,-0.042828197092596554,0.041675671815582405,0.08365449929988067,0.0
138,Moula Ali,7.134724615467221,7.4954029904765616,-2.6929074387033385,-4.064704051512015,-1.8652586795016575,-11.660177709021585,0.02103495556770163,0.9331651059426971,0.09470050716959921,-0.04892612390150397,-0.14473848699594427,0.0,-0.13453894758376972,0.15066897627256548,-0.04844039900924102,-0.09343584374398262
139,East Anand Bagh,10.951997173552218,11.557507079625998,-3.7821046646388243,-0.8458138870250771,-2.555264233796006,-6.958745442799657,0.1052947942900424,-0.09776999209973525,0.21991532781096446,0.04565639552555467,0.031756290780876384,0.0,-0.1345389475837706,0.10447570121130845,-0.20004829529726287,-0.02577319562893088
140,Malkajgiri,13.593220760267165,13.273932289664684,-3.7463196553562703,1.6984544353896869,-2.68148935206753,-8.91991926239443,0.13848435353121147,-0.03787742563982199,0.0,0.2744220456470199,0.029278611949520084,0.0,-0.1345389475837706,-0.06552773721674043,-0.24085478781284309,0.0
141,Gautham Nagar,0.19949190361049512,0.0,-4.688158072232728,-0.5261314150036733,-7.4086192548769265,-14.460236671231709,0.3598444765154861,-1.449354592382033,-0.3647179552964696,0.0,0.0,0.02090595621723995,-0.16040540651390667,0.11485870033485791,0.1013274897011261,-1.0422090981547167
142,Addagutta,18.095835055385606,17.955381103962143,0.0,-6.223999443160668,-0.4588389170062648,-4.131418737682722,0.10335912012670434,0.478675361793762,0.15516555954646805,-0.04892612390150575,-0.11519608015315441,0.3969467174735044,-0.025866458930135394,0.058230093599590305,0.07866904964712873,-0.0443599396394454
143,Tarnaka,27.337709799929147,28.16093587267949,0.05889678022512257,1.167683865355837,0.9142509359662796,0.0,0.18510939615578792,-0.4333521643204925,0.04697388785291423,0.4261918812215164,-0.0350928909261512,0.5707414394407202,0.0,-0.06552773721674043,-0.04844039900923747,0.07457386022989354
144,Mettuguda,21.163827972675882,21.6562832458312,-2.953931229250216,1.4120120562632401,0.0,-2.7761351983475144,0.26257358297085887,-0.8242698449612149,0.2256298931348084,0.03170113445709433,0.0,0.5995647759643212,-0.025866458930135394,0.03308227907844952,0.23203811186385082,-0.09343584374398262
145,Seethaphalmandi,12.734963820121862,12.207832932801546,0.0,-3.546513320751849,-2.6059942613738567,-8.401309861566645,-0.07638384676805998,0.4371851095397741,-0.2414660285085013,0.06730037000469657,0.5112551778866727,0.21243575944697213,-0.025866458930135394,0.07851240048896102,0.0,-0.33894873150275195
146,Boudha Nagar,12.465165326765113,13.14755833226356,0.1642270121599534,-3.496489757401436,-2.788781564968671,-7.183376701512884,0.18480109054427807,0.12190800189057782,-0.2714922513710647,0.0673003700046948,0.49457488014019724,0.2847928071861592,0.0,0.07851240048896102,0.0,-0.8666655228101092
147,Bansilapet,15.902115586156901,17.53007251690914,-4.007476933835102,-0.6520142462275498,0.6158819561766062,-8.29535238469923,0.15075452478420992,-0.22664503982850626,0.10065079134287025,0.7598701030027311,0.2838845045616871,1.1860174486582036,0.0,-0.007625241057423793,0.0,0.008250593450018329
148,Ramgopalpet,20.07764791798671,20.97904794778243,1.3911835166127346,-4.678379386727123,-0.47655630575382446,-8.24358631377385,0.20723197383542313,3.935633243370546,0.28946821819554813,0.4949775227605855,1.116673850991944,0.877391268526651,0.0,-0.5890825057921703,0.04686671595858627,0.0
149,Begumpet,8.966817811808433,8.468095173322224,-2.6597249589077006,-5.454149421648394,-0.8706472693125686,-13.11319653253198,-0.037224337597601576,1.6419766567392529,0.09545842323952236,-0.04651410474055773,-0.14473848699594072,0.09252865672128685,-0.160405406513906,-0.07359656266961423,-0.06702309454907684,-0.19353071001767752
150,Monda Market,17.19873470715457,16.341814374920414,0.3780836246958934,-1.2754838300277633,-6.450246525052293,-4.359429897840755,0.03399553032020464,0.0574211185124085,0.0,-0.07481821444537928,-0.27299198216250176,0.46577505774989447,-0.11036076314130838,-0.8055321222733909,-0.04844039900923747,0.0
