ward_id,period,worldpop_population_2015,worldpop_population_2018,worldpop_abs_growth_2015_2018,worldpop_pct_growth_2015_2018,worldpop_annualized_growth_2015_2018_pct,worldpop_data_status,source,geometry_source
1,worldpop,82855.84,84781.39,1925.550000000003,2.3239761976946984,0.7687340690428757,observed_raster_aggregation,WorldPop Global2 R2025A v1; 100m population counts; zonal aggregation,GHMC historical ward boundaries; 145 polygons from uploaded OSM GeoJSON + 5 polygons missing in uploaded file
2,worldpop,57553.41,58902.19,1348.7799999999988,2.3435275164408136,0.7751517117908779,observed_raster_aggregation,WorldPop Global2 R2025A v1; 100m population counts; zonal aggregation,GHMC historical ward boundaries; 145 polygons from uploaded OSM GeoJSON + 5 polygons missing in uploaded file
3,worldpop,,,,,,missing_geometry,WorldPop Global2 R2025A v1; 100m population counts; zonal aggregation,GHMC historical ward boundaries; 145 polygons from uploaded OSM GeoJSON + 5 polygons missing in uploaded file
4,worldpop,,,,,,missing_geometry,WorldPop Global2 R2025A v1; 100m population counts; zonal aggregation,GHMC historical ward boundaries; 145 polygons from uploaded OSM GeoJSON + 5 polygons missing in uploaded file
5,worldpop,58989.11,60398.24,1409.1299999999974,2.388796847418104,0.7900080534253062,observed_raster_aggregation,WorldPop Global2 R2025A v1; 100m population counts; zonal aggregation,GHMC historical ward boundaries; 145 polygons from uploaded OSM GeoJSON + 5 polygons missing in uploaded file
6,worldpop,55069.32,56410.02,1340.699999999997,2.434567922756259,0.8050246045147036,observed_raster_aggregation,WorldPop Global2 R2025A v1; 100m population counts; zonal aggregation,GHMC historical ward boundaries; 145 polygons from uploaded OSM GeoJSON + 5 polygons missing in uploaded file
7,worldpop,34916.97,35741.03,824.0599999999977,2.3600558696816982,0.7805764406010995,observed_raster_aggregation,WorldPop Global2 R2025A v1; 100m population counts; zonal aggregation,GHMC historical ward boundaries; 145 polygons from uploaded OSM GeoJSON + 5 polygons missing in uploaded file
8,worldpop,50965.17,52111.7,1146.5299999999988,2.2496344071843555,0.7443242048621457,observed_raster_aggregation,WorldPop Global2 R2025A v1; 100m population counts; zonal aggregation,GHMC historical ward boundaries; 145 polygons from uploaded OSM GeoJSON + 5 polygons missing in uploaded file
9,worldpop,27659.94,28363.98,704.0400000000009,2.5453417469452244,0.8413487201737846,observed_raster_aggregation,WorldPop Global2 R2025A v1; 100m population counts; zonal aggregation,GHMC historical ward boundaries; 145 polygons from uploaded OSM GeoJSON + 5 polygons missing in uploaded file
10,worldpop,63947.62,65465.03,1517.4099999999962,2.372895191408212,0.7847899987643014,observed_raster_aggregation,WorldPop Global2 R2025A v1; 100m population counts; zonal aggregation,GHMC historical ward boundaries; 145 polygons from uploaded OSM GeoJSON + 5 polygons missing in uploaded file
11,worldpop,,,,,,missing_geometry,WorldPop Global2 R2025A v1; 100m population counts; zonal aggregation,GHMC historical ward boundaries; 145 polygons from uploaded OSM GeoJSON + 5 polygons missing in uploaded file
12,worldpop,90329.39,92545.13,2215.7400000000052,2.4529557877009966,0.8110560263781652,observed_raster_aggregation,WorldPop Global2 R2025A v1; 100m population counts; zonal aggregation,GHMC historical ward boundaries; 145 polygons from uploaded OSM GeoJSON + 5 polygons missing in uploaded file
13,worldpop,,,,,,missing_geometry,WorldPop Global2 R2025A v1; 100m population counts; zonal aggregation,GHMC historical ward boundaries; 145 polygons from uploaded OSM GeoJSON + 5 polygons missing in uploaded file
14,worldpop,76335.36,78162.4,1827.0399999999936,2.393438637087706,0.7915311333026809,observed_raster_aggregation,WorldPop Global2 R2025A v1; 100m population counts; zonal aggregation,GHMC historical ward boundaries; 145 polygons from uploaded OSM GeoJSON + 5 polygons missing in uploaded file
15,worldpop,51333.14,52594.56,1261.4199999999983,2.4573209431567955,0.8124877393637098,observed_raster_aggregation,WorldPop Global2 R2025A v1; 100m population counts; zonal aggregation,GHMC historical ward boundaries; 145 polygons from uploaded OSM GeoJSON + 5 polygons missing in uploaded file
16,worldpop,58322.62,59736.74,1414.1199999999953,2.424651018764238,0.8017714513617769,observed_raster_aggregation,WorldPop Global2 R2025A v1; 100m population counts; zonal aggregation,GHMC historical ward boundaries; 145 polygons from uploaded OSM GeoJSON + 5 polygons missing in uploaded file
17,worldpop,42803.33,43863.09,1059.7599999999948,2.47588213346951,0.8185751091072779,observed_raster_aggregation,WorldPop Global2 R2025A v1; 100m population counts; zonal aggregation,GHMC historical ward boundaries; 145 polygons from uploaded OSM GeoJSON + 5 polygons missing in uploaded file
18,worldpop,44650.93,45741.98,1091.050000000003,2.443510135175243,0.8079578386500863,observed_raster_aggregation,WorldPop Global2 R2025A v1; 100m population counts; zonal aggregation,GHMC historical ward boundaries; 145 polygons from uploaded OSM GeoJSON + 5 polygons missing in uploaded file
19,worldpop,36690.44,37565.38,874.939999999995,2.384653877140735,0.7886486089917266,observed_raster_aggregation,WorldPop Global2 R2025A v1; 100m population counts; zonal aggregation,GHMC historical ward boundaries; 145 polygons from uploaded OSM GeoJSON + 5 polygons missing in uploaded file
20,worldpop,31066.82,31861.22,794.4000000000015,2.5570689243379316,0.8451926760512762,observed_raster_aggregation,WorldPop Global2 R2025A v1; 100m population counts; zonal aggregation,GHMC historical ward boundaries; 145 polygons from uploaded OSM GeoJSON + 5 polygons missing in uploaded file
21,worldpop,35289.22,36170.04,880.8199999999997,2.4960030286869466,0.8251731729324918,observed_raster_aggregation,WorldPop Global2 R2025A v1; 100m population counts; zonal aggregation,GHMC historical ward boundaries; 145 polygons from uploaded OSM GeoJSON + 5 polygons missing in uploaded file
22,worldpop,27130.4,27817.14,686.739999999998,2.5312564503287747,0.8367314282141436,observed_raster_aggregation,WorldPop Global2 R2025A v1; 100m population counts; zonal aggregation,GHMC historical ward boundaries; 145 polygons from uploaded OSM GeoJSON + 5 polygons missing in uploaded file
23,worldpop,25697.14,26338.29,641.1500000000015,2.4950247381615287,0.824852390909947,observed_raster_aggregation,WorldPop Global2 R2025A v1; 100m population counts; zonal aggregation,GHMC historical ward boundaries; 145 polygons from uploaded OSM GeoJSON + 5 polygons missing in uploaded file
24,worldpop,29491.1,30226.68,735.5800000000017,2.4942440261638317,0.8245963935351597,observed_raster_aggregation,WorldPop Global2 R2025A v1; 100m population counts; zonal aggregation,GHMC historical ward boundaries; 145 polygons from uploaded OSM GeoJSON + 5 polygons missing in uploaded file
25,worldpop,27991.79,28695.3,703.5099999999984,2.5132726417281583,0.8308355528972688,observed_raster_aggregation,WorldPop Global2 R2025A v1; 100m population counts; zonal aggregation,GHMC historical ward boundaries; 145 polygons from uploaded OSM GeoJSON + 5 polygons missing in uploaded file
26,worldpop,29835.64,30542.18,706.5400000000009,2.3681074044330903,0.7832188028386255,observed_raster_aggregation,WorldPop Global2 R2025A v1; 100m population counts; zonal aggregation,GHMC historical ward boundaries; 145 polygons from uploaded OSM GeoJSON + 5 polygons missing in uploaded file
27,worldpop,21686.68,22219.56,532.880000000001,2.457176478834017,0.8124403576361239,observed_raster_aggregation,WorldPop Global2 R2025A v1; 100m population counts; zonal aggregation,GHMC historical ward boundaries; 145 polygons from uploaded OSM GeoJSON + 5 polygons missing in uploaded file
28,worldpop,22402.19,22949.06,546.8700000000026,2.4411452630300996,0.8071821273478053,observed_raster_aggregation,WorldPop Global2 R2025A v1; 100m population counts; zonal aggregation,GHMC historical ward boundaries; 145 polygons from uploaded OSM GeoJSON + 5 polygons missing in uploaded file
29,worldpop,14332.58,14695.71,363.1299999999992,2.533598277490858,0.8374991303665036,observed_raster_aggregation,WorldPop Global2 R2025A v1; 100m population counts; zonal aggregation,GHMC historical ward boundaries; 145 polygons from uploaded OSM GeoJSON + 5 polygons missing in uploaded file
30,worldpop,25603.34,26227.12,623.7799999999988,2.4363227610147695,0.8056002419102537,observed_raster_aggregation,WorldPop Global2 R2025A v1; 100m population counts; zonal aggregation,GHMC historical ward boundaries; 145 polygons from uploaded OSM GeoJSON + 5 polygons missing in uploaded file
31,worldpop,10112.94,10375.31,262.369999999999,2.5943988592832445,0.85742680045795,observed_raster_aggregation,WorldPop Global2 R2025A v1; 100m population counts; zonal aggregation,GHMC historical ward boundaries; 145 polygons from uploaded OSM GeoJSON + 5 polygons missing in uploaded file
32,worldpop,27628.64,28324.46,695.8199999999997,2.518473583933193,0.832540719022945,observed_raster_aggregation,WorldPop Global2 R2025A v1; 100m population counts; zonal aggregation,GHMC historical ward boundaries; 145 polygons from uploaded OSM GeoJSON + 5 polygons missing in uploaded file
33,worldpop,12403.0,12725.29,322.2900000000009,2.5984842376844384,0.8587655196879318,observed_raster_aggregation,WorldPop Global2 R2025A v1; 100m population counts; zonal aggregation,GHMC historical ward boundaries; 145 polygons from uploaded OSM GeoJSON + 5 polygons missing in uploaded file
34,worldpop,9203.87,9448.4,244.52999999999884,2.6568171866834147,0.8778765056169036,observed_raster_aggregation,WorldPop Global2 R2025A v1; 100m population counts; zonal aggregation,GHMC historical ward boundaries; 145 polygons from uploaded OSM GeoJSON + 5 polygons missing in uploaded file
35,worldpop,14788.22,15175.27,387.0500000000011,2.617285920820769,0.8649261003902842,observed_raster_aggregation,WorldPop Global2 R2025A v1; 100m population counts; zonal aggregation,GHMC historical ward boundaries; 145 polygons from uploaded OSM GeoJSON + 5 polygons missing in uploaded file
36,worldpop,13971.79,14338.68,366.8899999999994,2.6259341143833352,0.8677595245813352,observed_raster_aggregation,WorldPop Global2 R2025A v1; 100m population counts; zonal aggregation,GHMC historical ward boundaries; 145 polygons from uploaded OSM GeoJSON + 5 polygons missing in uploaded file
37,worldpop,16592.83,17017.03,424.1999999999971,2.556525921135798,0.8450146959284144,observed_raster_aggregation,WorldPop Global2 R2025A v1; 100m population counts; zonal aggregation,GHMC historical ward boundaries; 145 polygons from uploaded OSM GeoJSON + 5 polygons missing in uploaded file
38,worldpop,35650.67,36514.47,863.8000000000029,2.4229558659065957,0.8012153503583752,observed_raster_aggregation,WorldPop Global2 R2025A v1; 100m population counts; zonal aggregation,GHMC historical ward boundaries; 145 polygons from uploaded OSM GeoJSON + 5 polygons missing in uploaded file
39,worldpop,17017.05,17446.14,429.09000000000015,2.5215298773876795,0.8335427198040035,observed_raster_aggregation,WorldPop Global2 R2025A v1; 100m population counts; zonal aggregation,GHMC historical ward boundaries; 145 polygons from uploaded OSM GeoJSON + 5 polygons missing in uploaded file
40,worldpop,15715.56,16126.7,411.14000000000124,2.6161333099170583,0.8645484562540773,observed_raster_aggregation,WorldPop Global2 R2025A v1; 100m population counts; zonal aggregation,GHMC historical ward boundaries; 145 polygons from uploaded OSM GeoJSON + 5 polygons missing in uploaded file
41,worldpop,39594.89,40501.66,906.7700000000041,2.2901187501720655,0.7576185624502685,observed_raster_aggregation,WorldPop Global2 R2025A v1; 100m population counts; zonal aggregation,GHMC historical ward boundaries; 145 polygons from uploaded OSM GeoJSON + 5 polygons missing in uploaded file
42,worldpop,18962.2,19395.98,433.77999999999884,2.2876037590574874,0.7567927850915757,observed_raster_aggregation,WorldPop Global2 R2025A v1; 100m population counts; zonal aggregation,GHMC historical ward boundaries; 145 polygons from uploaded OSM GeoJSON + 5 polygons missing in uploaded file
43,worldpop,26990.07,27656.18,666.1100000000006,2.4679817429150814,0.8159841691003589,observed_raster_aggregation,WorldPop Global2 R2025A v1; 100m population counts; zonal aggregation,GHMC historical ward boundaries; 145 polygons from uploaded OSM GeoJSON + 5 polygons missing in uploaded file
44,worldpop,19823.85,20338.38,514.5300000000025,2.5955099539191555,0.8577908935683443,observed_raster_aggregation,WorldPop Global2 R2025A v1; 100m population counts; zonal aggregation,GHMC historical ward boundaries; 145 polygons from uploaded OSM GeoJSON + 5 polygons missing in uploaded file
45,worldpop,22766.46,23326.72,560.260000000002,2.4609008163763804,0.8136618598611145,observed_raster_aggregation,WorldPop Global2 R2025A v1; 100m population counts; zonal aggregation,GHMC historical ward boundaries; 145 polygons from uploaded OSM GeoJSON + 5 polygons missing in uploaded file
46,worldpop,21625.61,22159.5,533.8899999999994,2.4687858515898484,0.8162478833324993,observed_raster_aggregation,WorldPop Global2 R2025A v1; 100m population counts; zonal aggregation,GHMC historical ward boundaries; 145 polygons from uploaded OSM GeoJSON + 5 polygons missing in uploaded file
47,worldpop,14369.72,14741.24,371.52000000000044,2.585436598625446,0.8544898731651873,observed_raster_aggregation,WorldPop Global2 R2025A v1; 100m population counts; zonal aggregation,GHMC historical ward boundaries; 145 polygons from uploaded OSM GeoJSON + 5 polygons missing in uploaded file
48,worldpop,22862.48,23454.18,591.7000000000007,2.5880831825768715,0.8553571748921129,observed_raster_aggregation,WorldPop Global2 R2025A v1; 100m population counts; zonal aggregation,GHMC historical ward boundaries; 145 polygons from uploaded OSM GeoJSON + 5 polygons missing in uploaded file
49,worldpop,28128.29,28807.79,679.5,2.415717414745084,0.7988406813291604,observed_raster_aggregation,WorldPop Global2 R2025A v1; 100m population counts; zonal aggregation,GHMC historical ward boundaries; 145 polygons from uploaded OSM GeoJSON + 5 polygons missing in uploaded file
50,worldpop,25927.63,26555.67,628.0399999999972,2.4222807869442646,0.8009938865638278,observed_raster_aggregation,WorldPop Global2 R2025A v1; 100m population counts; zonal aggregation,GHMC historical ward boundaries; 145 polygons from uploaded OSM GeoJSON + 5 polygons missing in uploaded file
51,worldpop,19112.53,19568.89,456.3600000000006,2.3877529557834603,0.7896655217972892,observed_raster_aggregation,WorldPop Global2 R2025A v1; 100m population counts; zonal aggregation,GHMC historical ward boundaries; 145 polygons from uploaded OSM GeoJSON + 5 polygons missing in uploaded file
52,worldpop,13012.33,13346.91,334.5799999999999,2.57125357257309,0.8498417547083248,observed_raster_aggregation,WorldPop Global2 R2025A v1; 100m population counts; zonal aggregation,GHMC historical ward boundaries; 145 polygons from uploaded OSM GeoJSON + 5 polygons missing in uploaded file
53,worldpop,17995.18,18458.49,463.3100000000013,2.5746338741818713,0.8509495996636973,observed_raster_aggregation,WorldPop Global2 R2025A v1; 100m population counts; zonal aggregation,GHMC historical ward boundaries; 145 polygons from uploaded OSM GeoJSON + 5 polygons missing in uploaded file
54,worldpop,21661.09,22220.47,559.380000000001,2.582418520951628,0.8535008124714416,observed_raster_aggregation,WorldPop Global2 R2025A v1; 100m population counts; zonal aggregation,GHMC historical ward boundaries; 145 polygons from uploaded OSM GeoJSON + 5 polygons missing in uploaded file
55,worldpop,23984.39,24553.3,568.9099999999999,2.372001122396692,0.7844965981210761,observed_raster_aggregation,WorldPop Global2 R2025A v1; 100m population counts; zonal aggregation,GHMC historical ward boundaries; 145 polygons from uploaded OSM GeoJSON + 5 polygons missing in uploaded file
56,worldpop,21380.78,21918.73,537.9500000000007,2.516044784147261,0.8317444268075125,observed_raster_aggregation,WorldPop Global2 R2025A v1; 100m population counts; zonal aggregation,GHMC historical ward boundaries; 145 polygons from uploaded OSM GeoJSON + 5 polygons missing in uploaded file
57,worldpop,35427.01,36271.88,844.8699999999953,2.384818814796945,0.7887027311474615,observed_raster_aggregation,WorldPop Global2 R2025A v1; 100m population counts; zonal aggregation,GHMC historical ward boundaries; 145 polygons from uploaded OSM GeoJSON + 5 polygons missing in uploaded file
58,worldpop,57932.8,59334.8,1402.0,2.420045293857711,0.8002605123973217,observed_raster_aggregation,WorldPop Global2 R2025A v1; 100m population counts; zonal aggregation,GHMC historical ward boundaries; 145 polygons from uploaded OSM GeoJSON + 5 polygons missing in uploaded file
59,worldpop,94893.13,97189.62,2296.4899999999907,2.420080357766669,0.8002720155190879,observed_raster_aggregation,WorldPop Global2 R2025A v1; 100m population counts; zonal aggregation,GHMC historical ward boundaries; 145 polygons from uploaded OSM GeoJSON + 5 polygons missing in uploaded file
60,worldpop,102818.17,105213.12,2394.949999999997,2.3293061916974374,0.7704836994579578,observed_raster_aggregation,WorldPop Global2 R2025A v1; 100m population counts; zonal aggregation,GHMC historical ward boundaries; 145 polygons from uploaded OSM GeoJSON + 5 polygons missing in uploaded file
61,worldpop,63470.76,64986.56,1515.7999999999956,2.388186308151967,0.7898077177709073,observed_raster_aggregation,WorldPop Global2 R2025A v1; 100m population counts; zonal aggregation,GHMC historical ward boundaries; 145 polygons from uploaded OSM GeoJSON + 5 polygons missing in uploaded file
62,worldpop,21980.64,22526.85,546.2099999999991,2.4849594916253537,0.8215518722745729,observed_raster_aggregation,WorldPop Global2 R2025A v1; 100m population counts; zonal aggregation,GHMC historical ward boundaries; 145 polygons from uploaded OSM GeoJSON + 5 polygons missing in uploaded file
63,worldpop,14995.92,15370.87,374.9500000000007,2.5003467609856598,0.826597460584777,observed_raster_aggregation,WorldPop Global2 R2025A v1; 100m population counts; zonal aggregation,GHMC historical ward boundaries; 145 polygons from uploaded OSM GeoJSON + 5 polygons missing in uploaded file
64,worldpop,12561.47,12890.11,328.64000000000124,2.6162543078158946,0.8645881004218925,observed_raster_aggregation,WorldPop Global2 R2025A v1; 100m population counts; zonal aggregation,GHMC historical ward boundaries; 145 polygons from uploaded OSM GeoJSON + 5 polygons missing in uploaded file
65,worldpop,28850.62,29560.52,709.9000000000015,2.46060569928827,0.8135650689140128,observed_raster_aggregation,WorldPop Global2 R2025A v1; 100m population counts; zonal aggregation,GHMC historical ward boundaries; 145 polygons from uploaded OSM GeoJSON + 5 polygons missing in uploaded file
66,worldpop,49789.18,50928.55,1139.3700000000026,2.2883887623776946,0.7570505361504498,observed_raster_aggregation,WorldPop Global2 R2025A v1; 100m population counts; zonal aggregation,GHMC historical ward boundaries; 145 polygons from uploaded OSM GeoJSON + 5 polygons missing in uploaded file
67,worldpop,30282.5,30994.13,711.630000000001,2.349971105423928,0.7772666152137564,observed_raster_aggregation,WorldPop Global2 R2025A v1; 100m population counts; zonal aggregation,GHMC historical ward boundaries; 145 polygons from uploaded OSM GeoJSON + 5 polygons missing in uploaded file
68,worldpop,21126.55,21623.21,496.65999999999985,2.3508807637782785,0.7775651745259182,observed_raster_aggregation,WorldPop Global2 R2025A v1; 100m population counts; zonal aggregation,GHMC historical ward boundaries; 145 polygons from uploaded OSM GeoJSON + 5 polygons missing in uploaded file
69,worldpop,27292.69,27917.68,624.9900000000016,2.2899538301281464,0.7575644126783132,observed_raster_aggregation,WorldPop Global2 R2025A v1; 100m population counts; zonal aggregation,GHMC historical ward boundaries; 145 polygons from uploaded OSM GeoJSON + 5 polygons missing in uploaded file
70,worldpop,18047.88,18508.8,460.91999999999825,2.5538733635196946,0.8441452582674813,observed_raster_aggregation,WorldPop Global2 R2025A v1; 100m population counts; zonal aggregation,GHMC historical ward boundaries; 145 polygons from uploaded OSM GeoJSON + 5 polygons missing in uploaded file
71,worldpop,23147.19,23727.83,580.640000000003,2.508468630533568,0.8292604722042851,observed_raster_aggregation,WorldPop Global2 R2025A v1; 100m population counts; zonal aggregation,GHMC historical ward boundaries; 145 polygons from uploaded OSM GeoJSON + 5 polygons missing in uploaded file
72,worldpop,17918.65,18387.42,468.7699999999968,2.6161011013664353,0.8645379033284772,observed_raster_aggregation,WorldPop Global2 R2025A v1; 100m population counts; zonal aggregation,GHMC historical ward boundaries; 145 polygons from uploaded OSM GeoJSON + 5 polygons missing in uploaded file
73,worldpop,28014.53,28707.22,692.6900000000023,2.472609749297962,0.817501944006227,observed_raster_aggregation,WorldPop Global2 R2025A v1; 100m population counts; zonal aggregation,GHMC historical ward boundaries; 145 polygons from uploaded OSM GeoJSON + 5 polygons missing in uploaded file
74,worldpop,20308.04,20783.39,475.34999999999854,2.3406985607670583,0.7742231689022105,observed_raster_aggregation,WorldPop Global2 R2025A v1; 100m population counts; zonal aggregation,GHMC historical ward boundaries; 145 polygons from uploaded OSM GeoJSON + 5 polygons missing in uploaded file
75,worldpop,29986.47,30704.05,717.5799999999981,2.3930125820078123,0.791391336573577,observed_raster_aggregation,WorldPop Global2 R2025A v1; 100m population counts; zonal aggregation,GHMC historical ward boundaries; 145 polygons from uploaded OSM GeoJSON + 5 polygons missing in uploaded file
76,worldpop,13987.8,14348.77,360.97000000000116,2.580605956619348,0.8529068038109822,observed_raster_aggregation,WorldPop Global2 R2025A v1; 100m population counts; zonal aggregation,GHMC historical ward boundaries; 145 polygons from uploaded OSM GeoJSON + 5 polygons missing in uploaded file
77,worldpop,33228.53,34049.58,821.0500000000029,2.4709188158489193,0.8169474002948096,observed_raster_aggregation,WorldPop Global2 R2025A v1; 100m population counts; zonal aggregation,GHMC historical ward boundaries; 145 polygons from uploaded OSM GeoJSON + 5 polygons missing in uploaded file
78,worldpop,52749.52,53988.62,1239.1000000000058,2.3490261143608624,0.7769564574664933,observed_raster_aggregation,WorldPop Global2 R2025A v1; 100m population counts; zonal aggregation,GHMC historical ward boundaries; 145 polygons from uploaded OSM GeoJSON + 5 polygons missing in uploaded file
79,worldpop,35836.87,36721.82,884.9499999999971,2.4693841845004796,0.8164441107693765,observed_raster_aggregation,WorldPop Global2 R2025A v1; 100m population counts; zonal aggregation,GHMC historical ward boundaries; 145 polygons from uploaded OSM GeoJSON + 5 polygons missing in uploaded file
80,worldpop,28327.2,29032.04,704.8400000000001,2.4882092123471438,0.8226175194515406,observed_raster_aggregation,WorldPop Global2 R2025A v1; 100m population counts; zonal aggregation,GHMC historical ward boundaries; 145 polygons from uploaded OSM GeoJSON + 5 polygons missing in uploaded file
81,worldpop,22493.83,23055.87,562.0399999999972,2.4986407383713543,0.826038069274837,observed_raster_aggregation,WorldPop Global2 R2025A v1; 100m population counts; zonal aggregation,GHMC historical ward boundaries; 145 polygons from uploaded OSM GeoJSON + 5 polygons missing in uploaded file
82,worldpop,26290.43,26918.74,628.3100000000013,2.3898810327560307,0.7903638041409033,observed_raster_aggregation,WorldPop Global2 R2025A v1; 100m population counts; zonal aggregation,GHMC historical ward boundaries; 145 polygons from uploaded OSM GeoJSON + 5 polygons missing in uploaded file
83,worldpop,23086.83,23647.03,560.1999999999971,2.4264916404720656,0.8023752669975792,observed_raster_aggregation,WorldPop Global2 R2025A v1; 100m population counts; zonal aggregation,GHMC historical ward boundaries; 145 polygons from uploaded OSM GeoJSON + 5 polygons missing in uploaded file
84,worldpop,22150.34,22716.47,566.130000000001,2.5558524158094236,0.8447939402602245,observed_raster_aggregation,WorldPop Global2 R2025A v1; 100m population counts; zonal aggregation,GHMC historical ward boundaries; 145 polygons from uploaded OSM GeoJSON + 5 polygons missing in uploaded file
85,worldpop,17390.57,17831.66,441.09000000000015,2.536374598417419,0.838409253932304,observed_raster_aggregation,WorldPop Global2 R2025A v1; 100m population counts; zonal aggregation,GHMC historical ward boundaries; 145 polygons from uploaded OSM GeoJSON + 5 polygons missing in uploaded file
86,worldpop,13316.49,13660.61,344.1200000000008,2.584164445736082,0.854072975584308,observed_raster_aggregation,WorldPop Global2 R2025A v1; 100m population counts; zonal aggregation,GHMC historical ward boundaries; 145 polygons from uploaded OSM GeoJSON + 5 polygons missing in uploaded file
87,worldpop,26564.02,27240.18,676.1599999999999,2.5453978727617272,0.8413671178955751,observed_raster_aggregation,WorldPop Global2 R2025A v1; 100m population counts; zonal aggregation,GHMC historical ward boundaries; 145 polygons from uploaded OSM GeoJSON + 5 polygons missing in uploaded file
88,worldpop,16308.89,16725.58,416.6900000000023,2.554986881388018,0.8445102415605366,observed_raster_aggregation,WorldPop Global2 R2025A v1; 100m population counts; zonal aggregation,GHMC historical ward boundaries; 145 polygons from uploaded OSM GeoJSON + 5 polygons missing in uploaded file
89,worldpop,24762.28,25379.16,616.880000000001,2.49120840245729,0.8236009927377719,observed_raster_aggregation,WorldPop Global2 R2025A v1; 100m population counts; zonal aggregation,GHMC historical ward boundaries; 145 polygons from uploaded OSM GeoJSON + 5 polygons missing in uploaded file
90,worldpop,27494.37,28134.8,640.4300000000003,2.3293132375828227,0.7704860123087798,observed_raster_aggregation,WorldPop Global2 R2025A v1; 100m population counts; zonal aggregation,GHMC historical ward boundaries; 145 polygons from uploaded OSM GeoJSON + 5 polygons missing in uploaded file
91,worldpop,61408.26,62823.73,1415.4700000000012,2.3050156444751915,0.762509561874114,observed_raster_aggregation,WorldPop Global2 R2025A v1; 100m population counts; zonal aggregation,GHMC historical ward boundaries; 145 polygons from uploaded OSM GeoJSON + 5 polygons missing in uploaded file
92,worldpop,52037.27,53256.73,1219.4600000000064,2.343435772091823,0.7751215989813431,observed_raster_aggregation,WorldPop Global2 R2025A v1; 100m population counts; zonal aggregation,GHMC historical ward boundaries; 145 polygons from uploaded OSM GeoJSON + 5 polygons missing in uploaded file
93,worldpop,51209.49,52473.57,1264.0800000000017,2.4684487191729536,0.816137318076593,observed_raster_aggregation,WorldPop Global2 R2025A v1; 100m population counts; zonal aggregation,GHMC historical ward boundaries; 145 polygons from uploaded OSM GeoJSON + 5 polygons missing in uploaded file
94,worldpop,60997.19,62515.85,1518.6599999999962,2.489721247814852,0.8231133378652444,observed_raster_aggregation,WorldPop Global2 R2025A v1; 100m population counts; zonal aggregation,GHMC historical ward boundaries; 145 polygons from uploaded OSM GeoJSON + 5 polygons missing in uploaded file
95,worldpop,111233.83,113973.09,2739.2599999999948,2.4626141165866486,0.8142237753624215,observed_raster_aggregation,WorldPop Global2 R2025A v1; 100m population counts; zonal aggregation,GHMC historical ward boundaries; 145 polygons from uploaded OSM GeoJSON + 5 polygons missing in uploaded file
96,worldpop,23846.49,24433.2,586.7099999999991,2.460362091024713,0.8134851714196811,observed_raster_aggregation,WorldPop Global2 R2025A v1; 100m population counts; zonal aggregation,GHMC historical ward boundaries; 145 polygons from uploaded OSM GeoJSON + 5 polygons missing in uploaded file
97,worldpop,34087.7,34912.81,825.1100000000006,2.4205505211557266,0.800426257814868,observed_raster_aggregation,WorldPop Global2 R2025A v1; 100m population counts; zonal aggregation,GHMC historical ward boundaries; 145 polygons from uploaded OSM GeoJSON + 5 polygons missing in uploaded file
98,worldpop,38245.64,39165.6,919.9599999999991,2.4053983669772534,0.7954551886397043,observed_raster_aggregation,WorldPop Global2 R2025A v1; 100m population counts; zonal aggregation,GHMC historical ward boundaries; 145 polygons from uploaded OSM GeoJSON + 5 polygons missing in uploaded file
99,worldpop,34113.08,34906.77,793.689999999995,2.326644208028108,0.7696098810050733,observed_raster_aggregation,WorldPop Global2 R2025A v1; 100m population counts; zonal aggregation,GHMC historical ward boundaries; 145 polygons from uploaded OSM GeoJSON + 5 polygons missing in uploaded file
100,worldpop,35992.04,36882.97,890.9300000000003,2.4753528835820373,0.8184015453044813,observed_raster_aggregation,WorldPop Global2 R2025A v1; 100m population counts; zonal aggregation,GHMC historical ward boundaries; 145 polygons from uploaded OSM GeoJSON + 5 polygons missing in uploaded file
101,worldpop,22349.46,22897.24,547.7800000000025,2.4509764441736066,0.8104068146018273,observed_raster_aggregation,WorldPop Global2 R2025A v1; 100m population counts; zonal aggregation,GHMC historical ward boundaries; 145 polygons from uploaded OSM GeoJSON + 5 polygons missing in uploaded file
102,worldpop,12353.68,12673.35,319.6700000000001,2.5876499957907284,0.855215217957217,observed_raster_aggregation,WorldPop Global2 R2025A v1; 100m population counts; zonal aggregation,GHMC historical ward boundaries; 145 polygons from uploaded OSM GeoJSON + 5 polygons missing in uploaded file
103,worldpop,13416.99,13772.3,355.3099999999995,2.648209471722044,0.87505690953813,observed_raster_aggregation,WorldPop Global2 R2025A v1; 100m population counts; zonal aggregation,GHMC historical ward boundaries; 145 polygons from uploaded OSM GeoJSON + 5 polygons missing in uploaded file
104,worldpop,148720.23,152292.11,3571.8799999999756,2.4017445373773127,0.7942563787987522,observed_raster_aggregation,WorldPop Global2 R2025A v1; 100m population counts; zonal aggregation,GHMC historical ward boundaries; 145 polygons from uploaded OSM GeoJSON + 5 polygons missing in uploaded file
105,worldpop,238773.25,244221.91,5448.6600000000035,2.2819390363032723,0.7549327687834229,observed_raster_aggregation,WorldPop Global2 R2025A v1; 100m population counts; zonal aggregation,GHMC historical ward boundaries; 145 polygons from uploaded OSM GeoJSON + 5 polygons missing in uploaded file
106,worldpop,99795.41,102093.09,2297.679999999993,2.3023904606434233,0.7616476869801048,observed_raster_aggregation,WorldPop Global2 R2025A v1; 100m population counts; zonal aggregation,GHMC historical ward boundaries; 145 polygons from uploaded OSM GeoJSON + 5 polygons missing in uploaded file
107,worldpop,125126.94,128001.7,2874.7599999999948,2.297474868321718,0.76003380773213,observed_raster_aggregation,WorldPop Global2 R2025A v1; 100m population counts; zonal aggregation,GHMC historical ward boundaries; 145 polygons from uploaded OSM GeoJSON + 5 polygons missing in uploaded file
108,worldpop,73226.95,74853.32,1626.37000000001,2.220999235937056,0.7349187912228716,observed_raster_aggregation,WorldPop Global2 R2025A v1; 100m population counts; zonal aggregation,GHMC historical ward boundaries; 145 polygons from uploaded OSM GeoJSON + 5 polygons missing in uploaded file
109,worldpop,56092.76,57426.22,1333.4599999999991,2.377240841777083,0.7862160574292787,observed_raster_aggregation,WorldPop Global2 R2025A v1; 100m population counts; zonal aggregation,GHMC historical ward boundaries; 145 polygons from uploaded OSM GeoJSON + 5 polygons missing in uploaded file
110,worldpop,71262.11,72939.84,1677.729999999996,2.354308622071387,0.7786902172987276,observed_raster_aggregation,WorldPop Global2 R2025A v1; 100m population counts; zonal aggregation,GHMC historical ward boundaries; 145 polygons from uploaded OSM GeoJSON + 5 polygons missing in uploaded file
111,worldpop,23279.76,23866.22,586.4600000000028,2.5191840465709388,0.832773644806517,observed_raster_aggregation,WorldPop Global2 R2025A v1; 100m population counts; zonal aggregation,GHMC historical ward boundaries; 145 polygons from uploaded OSM GeoJSON + 5 polygons missing in uploaded file
112,worldpop,29683.04,30383.11,700.0699999999997,2.358484845218009,0.7800608437708023,observed_raster_aggregation,WorldPop Global2 R2025A v1; 100m population counts; zonal aggregation,GHMC historical ward boundaries; 145 polygons from uploaded OSM GeoJSON + 5 polygons missing in uploaded file
113,worldpop,,,,,,missing_geometry,WorldPop Global2 R2025A v1; 100m population counts; zonal aggregation,GHMC historical ward boundaries; 145 polygons from uploaded OSM GeoJSON + 5 polygons missing in uploaded file
114,worldpop,73304.52,75019.38,1714.8600000000006,2.339364612168527,0.7737853234841774,observed_raster_aggregation,WorldPop Global2 R2025A v1; 100m population counts; zonal aggregation,GHMC historical ward boundaries; 145 polygons from uploaded OSM GeoJSON + 5 polygons missing in uploaded file
115,worldpop,59570.82,60966.32,1395.5,2.3425898787359314,0.774843954596971,observed_raster_aggregation,WorldPop Global2 R2025A v1; 100m population counts; zonal aggregation,GHMC historical ward boundaries; 145 polygons from uploaded OSM GeoJSON + 5 polygons missing in uploaded file
116,worldpop,34537.59,35391.39,853.8000000000029,2.4720891063910453,0.8173311991723775,observed_raster_aggregation,WorldPop Global2 R2025A v1; 100m population counts; zonal aggregation,GHMC historical ward boundaries; 145 polygons from uploaded OSM GeoJSON + 5 polygons missing in uploaded file
117,worldpop,24122.04,24742.12,620.0799999999981,2.5705951901248736,0.8496259765526037,observed_raster_aggregation,WorldPop Global2 R2025A v1; 100m population counts; zonal aggregation,GHMC historical ward boundaries; 145 polygons from uploaded OSM GeoJSON + 5 polygons missing in uploaded file
118,worldpop,46814.16,47944.46,1130.2999999999956,2.4144404171729144,0.7984217338828259,observed_raster_aggregation,WorldPop Global2 R2025A v1; 100m population counts; zonal aggregation,GHMC historical ward boundaries; 145 polygons from uploaded OSM GeoJSON + 5 polygons missing in uploaded file
119,worldpop,40368.8,41348.56,979.7599999999948,2.427022849329172,0.8025495286269946,observed_raster_aggregation,WorldPop Global2 R2025A v1; 100m population counts; zonal aggregation,GHMC historical ward boundaries; 145 polygons from uploaded OSM GeoJSON + 5 polygons missing in uploaded file
120,worldpop,43423.22,44467.66,1044.4400000000023,2.405256910933833,0.795408777893547,observed_raster_aggregation,WorldPop Global2 R2025A v1; 100m population counts; zonal aggregation,GHMC historical ward boundaries; 145 polygons from uploaded OSM GeoJSON + 5 polygons missing in uploaded file
121,worldpop,45642.59,46768.49,1125.9000000000015,2.4667750011557223,0.8155884053582918,observed_raster_aggregation,WorldPop Global2 R2025A v1; 100m population counts; zonal aggregation,GHMC historical ward boundaries; 145 polygons from uploaded OSM GeoJSON + 5 polygons missing in uploaded file
122,worldpop,27379.31,28066.39,687.0799999999981,2.50948617770133,0.8295940972868676,observed_raster_aggregation,WorldPop Global2 R2025A v1; 100m population counts; zonal aggregation,GHMC historical ward boundaries; 145 polygons from uploaded OSM GeoJSON + 5 polygons missing in uploaded file
123,worldpop,46260.2,47344.12,1083.9200000000055,2.343094063579504,0.7750094414699094,observed_raster_aggregation,WorldPop Global2 R2025A v1; 100m population counts; zonal aggregation,GHMC historical ward boundaries; 145 polygons from uploaded OSM GeoJSON + 5 polygons missing in uploaded file
124,worldpop,38907.09,39826.76,919.6700000000055,2.363759407347107,0.7817918891996678,observed_raster_aggregation,WorldPop Global2 R2025A v1; 100m population counts; zonal aggregation,GHMC historical ward boundaries; 145 polygons from uploaded OSM GeoJSON + 5 polygons missing in uploaded file
125,worldpop,67654.38,69265.83,1611.449999999997,2.3818856960923993,0.7877402575578563,observed_raster_aggregation,WorldPop Global2 R2025A v1; 100m population counts; zonal aggregation,GHMC historical ward boundaries; 145 polygons from uploaded OSM GeoJSON + 5 polygons missing in uploaded file
126,worldpop,22289.25,22868.74,579.4900000000016,2.5998631627354065,0.8592173653994228,observed_raster_aggregation,WorldPop Global2 R2025A v1; 100m population counts; zonal aggregation,GHMC historical ward boundaries; 145 polygons from uploaded OSM GeoJSON + 5 polygons missing in uploaded file
127,worldpop,27783.78,28485.25,701.4700000000012,2.5247464527864865,0.8345972472492136,observed_raster_aggregation,WorldPop Global2 R2025A v1; 100m population counts; zonal aggregation,GHMC historical ward boundaries; 145 polygons from uploaded OSM GeoJSON + 5 polygons missing in uploaded file
128,worldpop,17152.03,17553.78,401.75,2.342288347210214,0.7747449836722042,observed_raster_aggregation,WorldPop Global2 R2025A v1; 100m population counts; zonal aggregation,GHMC historical ward boundaries; 145 polygons from uploaded OSM GeoJSON + 5 polygons missing in uploaded file
129,worldpop,49796.61,50979.1,1182.489999999998,2.3746395587972717,0.7853624312170293,observed_raster_aggregation,WorldPop Global2 R2025A v1; 100m population counts; zonal aggregation,GHMC historical ward boundaries; 145 polygons from uploaded OSM GeoJSON + 5 polygons missing in uploaded file
130,worldpop,70788.19,72648.46,1860.270000000004,2.6279383609045577,0.8684161569807669,observed_raster_aggregation,WorldPop Global2 R2025A v1; 100m population counts; zonal aggregation,GHMC historical ward boundaries; 145 polygons from uploaded OSM GeoJSON + 5 polygons missing in uploaded file
131,worldpop,32193.79,33010.55,816.760000000002,2.537011019827122,0.8386178810009692,observed_raster_aggregation,WorldPop Global2 R2025A v1; 100m population counts; zonal aggregation,GHMC historical ward boundaries; 145 polygons from uploaded OSM GeoJSON + 5 polygons missing in uploaded file
132,worldpop,78200.71,79908.91,1708.199999999997,2.1843791443837235,0.7228881172394175,observed_raster_aggregation,WorldPop Global2 R2025A v1; 100m population counts; zonal aggregation,GHMC historical ward boundaries; 145 polygons from uploaded OSM GeoJSON + 5 polygons missing in uploaded file
133,worldpop,97661.78,99933.64,2271.8600000000006,2.3262529108111694,0.76948143313611,observed_raster_aggregation,WorldPop Global2 R2025A v1; 100m population counts; zonal aggregation,GHMC historical ward boundaries; 145 polygons from uploaded OSM GeoJSON + 5 polygons missing in uploaded file
134,worldpop,43731.87,44763.0,1031.1299999999974,2.3578456626711763,0.7798510680004034,observed_raster_aggregation,WorldPop Global2 R2025A v1; 100m population counts; zonal aggregation,GHMC historical ward boundaries; 145 polygons from uploaded OSM GeoJSON + 5 polygons missing in uploaded file
135,worldpop,39571.04,40534.32,963.2799999999988,2.434305492097248,0.8049385191492897,observed_raster_aggregation,WorldPop Global2 R2025A v1; 100m population counts; zonal aggregation,GHMC historical ward boundaries; 145 polygons from uploaded OSM GeoJSON + 5 polygons missing in uploaded file
136,worldpop,82836.62,84740.89,1904.270000000004,2.2988262920433065,0.7604775101155425,observed_raster_aggregation,WorldPop Global2 R2025A v1; 100m population counts; zonal aggregation,GHMC historical ward boundaries; 145 polygons from uploaded OSM GeoJSON + 5 polygons missing in uploaded file
137,worldpop,34481.49,35322.42,840.9300000000003,2.4387867229635387,0.8064084811658212,observed_raster_aggregation,WorldPop Global2 R2025A v1; 100m population counts; zonal aggregation,GHMC historical ward boundaries; 145 polygons from uploaded OSM GeoJSON + 5 polygons missing in uploaded file
138,worldpop,48380.8,49520.0,1139.199999999997,2.354653085521523,0.7788032707918946,observed_raster_aggregation,WorldPop Global2 R2025A v1; 100m population counts; zonal aggregation,GHMC historical ward boundaries; 145 polygons from uploaded OSM GeoJSON + 5 polygons missing in uploaded file
139,worldpop,49890.59,51034.28,1143.6900000000023,2.292396221411698,0.7583663403660568,observed_raster_aggregation,WorldPop Global2 R2025A v1; 100m population counts; zonal aggregation,GHMC historical ward boundaries; 145 polygons from uploaded OSM GeoJSON + 5 polygons missing in uploaded file
140,worldpop,33370.97,34178.3,807.3300000000017,2.419258415323264,0.800002367082886,observed_raster_aggregation,WorldPop Global2 R2025A v1; 100m population counts; zonal aggregation,GHMC historical ward boundaries; 145 polygons from uploaded OSM GeoJSON + 5 polygons missing in uploaded file
141,worldpop,28879.35,29610.4,731.0500000000029,2.5313935389820164,0.8367763691945029,observed_raster_aggregation,WorldPop Global2 R2025A v1; 100m population counts; zonal aggregation,GHMC historical ward boundaries; 145 polygons from uploaded OSM GeoJSON + 5 polygons missing in uploaded file
142,worldpop,26225.77,26831.0,605.2299999999996,2.3077682752498765,0.7634132630773616,observed_raster_aggregation,WorldPop Global2 R2025A v1; 100m population counts; zonal aggregation,GHMC historical ward boundaries; 145 polygons from uploaded OSM GeoJSON + 5 polygons missing in uploaded file
143,worldpop,34480.91,35300.17,819.2599999999948,2.375981376361571,0.7858027582982929,observed_raster_aggregation,WorldPop Global2 R2025A v1; 100m population counts; zonal aggregation,GHMC historical ward boundaries; 145 polygons from uploaded OSM GeoJSON + 5 polygons missing in uploaded file
144,worldpop,40192.74,41079.81,887.0699999999997,2.2070403759484916,0.7303332734120538,observed_raster_aggregation,WorldPop Global2 R2025A v1; 100m population counts; zonal aggregation,GHMC historical ward boundaries; 145 polygons from uploaded OSM GeoJSON + 5 polygons missing in uploaded file
145,worldpop,15007.87,15400.34,392.46999999999935,2.615094613692678,0.8642081329677698,observed_raster_aggregation,WorldPop Global2 R2025A v1; 100m population counts; zonal aggregation,GHMC historical ward boundaries; 145 polygons from uploaded OSM GeoJSON + 5 polygons missing in uploaded file
146,worldpop,12776.8,13114.85,338.0500000000011,2.645811157723382,0.8742712749694848,observed_raster_aggregation,WorldPop Global2 R2025A v1; 100m population counts; zonal aggregation,GHMC historical ward boundaries; 145 polygons from uploaded OSM GeoJSON + 5 polygons missing in uploaded file
147,worldpop,31269.28,32042.52,773.2400000000016,2.472842355180553,0.8175782269151499,observed_raster_aggregation,WorldPop Global2 R2025A v1; 100m population counts; zonal aggregation,GHMC historical ward boundaries; 145 polygons from uploaded OSM GeoJSON + 5 polygons missing in uploaded file
148,worldpop,25469.98,26102.64,632.6599999999999,2.483943842908396,0.8212188165150458,observed_raster_aggregation,WorldPop Global2 R2025A v1; 100m population counts; zonal aggregation,GHMC historical ward boundaries; 145 polygons from uploaded OSM GeoJSON + 5 polygons missing in uploaded file
149,worldpop,59578.2,60886.48,1308.280000000006,2.195903870878956,0.7266746062961627,observed_raster_aggregation,WorldPop Global2 R2025A v1; 100m population counts; zonal aggregation,GHMC historical ward boundaries; 145 polygons from uploaded OSM GeoJSON + 5 polygons missing in uploaded file
150,worldpop,37074.84,37988.1,913.260000000002,2.463287771437455,0.8144447139705413,observed_raster_aggregation,WorldPop Global2 R2025A v1; 100m population counts; zonal aggregation,GHMC historical ward boundaries; 145 polygons from uploaded OSM GeoJSON + 5 polygons missing in uploaded file
